name;ingredients;diet;prep_time;cook_time;flavor_profile;course;state;region
Balu shahi;'Maida flour; yogurt; oil; sugar';vegetarian;45;25;sweet;dessert;West Bengal;East
Boondi;'Gram flour; ghee; sugar';vegetarian;80;30;sweet;dessert;Rajasthan;West
Gajar ka halwa;'Carrots; milk; sugar; ghee; cashews; raisins';vegetarian;15;60;sweet;dessert;Punjab;North
Ghevar;'Flour; ghee; kewra; milk; clarified butter; sugar; almonds; pistachio; saffron; green cardamom';vegetarian;15;30;sweet;dessert;Rajasthan;West
Gulab jamun;'Milk powder; plain flour; baking powder; ghee; milk; sugar; water; rose water';vegetarian;15;40;sweet;dessert;West Bengal;East
Imarti;'Sugar syrup; lentil flour';vegetarian;10;50;sweet;dessert;West Bengal;East
Jalebi;'Maida; corn flour; baking soda; vinegar; curd; water; turmeric; saffron; cardamom';vegetarian;10;50;sweet;dessert;Uttar Pradesh;North
Kaju katli;'Cashews; ghee; cardamom; sugar';vegetarian;10;20;sweet;dessert;-1;-1
Kalakand;'Milk; cottage cheese; sugar';vegetarian;20;30;sweet;dessert;West Bengal;East
Kheer;'Milk; rice; sugar; dried fruits';vegetarian;10;40;sweet;dessert;-1;-1
Laddu;'Gram flour; ghee; sugar';vegetarian;10;40;sweet;dessert;-1;-1
Lassi;'Yogurt; milk; nuts; sugar';vegetarian;5;5;sweet;dessert;Punjab;North
Nankhatai;'Refined flour; besan; ghee; powdered sugar; yoghurt; green cardamom';vegetarian;20;30;sweet;dessert;-1;-1
Petha;'Firm white pumpkin; sugar; kitchen lime; alum powder';vegetarian;10;30;sweet;dessert;Uttar Pradesh;North
Phirni;'Rice; sugar; nuts';vegetarian;30;20;sweet;dessert;Odisha;East
Rabri;'Condensed milk; sugar; spices; nuts';vegetarian;10;45;sweet;dessert;Uttar Pradesh;North
Sheera;'Semolina; ghee; nuts; milk';vegetarian;10;25;sweet;dessert;Maharashtra;West
Singori;'Khoa; coconut; molu leaf';vegetarian;10;20;sweet;dessert;Uttarakhand;North
Sohan halwa;'Corn flour; ghee; dry fruits';vegetarian;10;60;sweet;dessert;Uttar Pradesh;North
Sohan papdi;'Gram flour; ghee; sugar; milk; cardamom';vegetarian;-1;60;sweet;dessert;Maharashtra;West
Chhena jalebi;'Chhena; sugar; ghee';vegetarian;10;50;sweet;dessert;Odisha;East
Chhena kheeri;'Chhena; sugar; milk';vegetarian;-1;60;sweet;dessert;Odisha;East
Chhena poda;'Sugar; chenna cheese';vegetarian;10;45;sweet;dessert;Odisha;East
Cham cham;'Flour; cream; sugar; saffron; lemon juice; coconut flakes';vegetarian;40;60;sweet;dessert;West Bengal;East
Kheer sagar;'Chenna; condensed milk; sugar; saffron; cardamom';vegetarian;25;60;sweet;dessert;Odisha;East
Ledikeni;'Chhena; sugar; ghee';vegetarian;45;45;sweet;dessert;West Bengal;East
Lyangcha;'Flour; fried milk power; sugar syrup';vegetarian;20;30;sweet;dessert;Assam;North East
Malapua;'Yoghurt; refined flour; ghee; fennel seeds';vegetarian;10;120;sweet;dessert;Bihar;North
Mihidana;'Besan flour; sugar; ghee';vegetarian;15;30;sweet;dessert;West Bengal;East
Misti doi;'Milk; jaggery';vegetarian;480;30;sweet;dessert;West Bengal;East
Pantua;'Chhena; sugar; ghee; flour';vegetarian;45;45;sweet;dessert;West Bengal;East
Pithe;'Rice flour; wheat flour';vegetarian;15;35;sweet;dessert;Assam;North East
Rasabali;'Chenna; sweetened milk';vegetarian;15;30;sweet;dessert;Odisha;East
Ras malai;'Chhena; reduced milk; pistachio';vegetarian;180;60;sweet;dessert;West Bengal;East
Rasgulla;'Chhena; sugar; cardamom';vegetarian;10;90;sweet;dessert;West Bengal;East
Sandesh;'Milk; sugar; saffron; cardamom';vegetarian;30;20;sweet;dessert;West Bengal;East
Adhirasam;'Rice flour; jaggery; ghee; vegetable oil; elachi';vegetarian;10;50;sweet;dessert;West Bengal;East
Ariselu;'Rice flour; jaggery; ghee';vegetarian;15;75;sweet;dessert;Andhra Pradesh;South
Bandar laddu;'Besan; jaggery; cardamom powder; ghee; cashews and raisins; jaggery syrup; sugar';vegetarian;5;35;sweet;dessert;Andhra Pradesh;South
Chikki;'Peanuts; jaggery';vegetarian;10;20;sweet;dessert;Maharashtra;West
Dharwad pedha;'Milk; Sugar; Dharwadi buffalo milk';vegetarian;20;60;sweet;dessert;Karnataka;South
Double ka meetha;'Loaf bread; milk';vegetarian;20;30;sweet;dessert;Telangana;South
Gavvalu;'Rice flour; sugar; salt; ghee; semolina';vegetarian;10;30;sweet;dessert;Andhra Pradesh;South
Kakinada khaja;'Wheat flour; sugar';vegetarian;10;30;sweet;dessert;Andhra Pradesh;South
Kuzhi paniyaram;'Black lentils; rice';vegetarian;10;20;sweet;dessert;Kerala;South
Mysore pak;'Besan flour; semolina; mung bean; jaggery; coconut; skimmed milk powder; sugar; ghee';vegetarian;5;20;sweet;dessert;Karnataka;South
Obbattu holige;'Maida flour; turmeric; coconut; chickpeas; jaggery; ghee; cardamom';vegetarian;180;60;sweet;main course;Karnataka;South
Palathalikalu;'Rice flour; milk';vegetarian;10;25;sweet;dessert;Andhra Pradesh;South
Poornalu;'Chana dal; jaggery';vegetarian;240;60;sweet;dessert;Andhra Pradesh;South
Pongal;'Rice; jaggery; cashews; ghee';vegetarian;5;20;sweet;dessert;Tamil Nadu;South
Pootharekulu;'Rice flour; powdered sugar; ghee';vegetarian;10;60;sweet;dessert;Andhra Pradesh;South
Qubani ka meetha;'Apricots; sugar syrup';vegetarian;10;20;sweet;dessert;Telangana;South
Sheer korma;'Vermicelli pudding; milk';vegetarian;10;20;sweet;dessert;Telangana;South
Unni Appam;'Rice flour; banana; jaggery; coconut';vegetarian;10;20;sweet;dessert;Tamil Nadu;South
Kajjikaya;'Rice flour; jaggery; coconut';vegetarian;40;15;sweet;dessert;Andhra Pradesh;South
Anarsa;'Rice flour; jaggery; khus-khus seeds';vegetarian;10;50;sweet;dessert;Maharashtra;West
Basundi;'Sugar; milk; nuts';vegetarian;10;35;sweet;dessert;Gujarat;West
Dhondas;'Cucumber; rava';vegetarian;10;50;sweet;dessert;Maharashtra;West
Doodhpak;'Milk; rice; sugar; dry fruits';vegetarian;10;60;sweet;dessert;Gujarat;West
Mahim halwa;'Semolina; sugar';vegetarian;10;25;sweet;dessert;Maharashtra;West
Modak;'Rice flour; coconut; jaggery ';vegetarian;10;15;sweet;dessert;Maharashtra;West
Shankarpali;'Sugar; ghee; maida flour; semolina';vegetarian;10;35;sweet;dessert;Maharashtra;West
Shrikhand;'Curd; sugar; saffron; cardamom';vegetarian;10;720;sweet;dessert;Maharashtra;West
Sutar feni;'Maida; sugar; ghee';vegetarian;15;55;sweet;dessert;Maharashtra;West
Maach Jhol;'Fish; potol; tomato; chillies; ginger; garlic';non vegetarian;10;40;spicy;main course;Assam;North East
Pork Bharta;'Boiled pork; onions; chillies; ginger and garlic';non vegetarian;-1;-1;spicy;main course;Tripura;North East
Chak Hao Kheer;'Rice; milk; sugar; cardamom';vegetarian;240;45;sweet;dessert;Manipur;North East
Galho;'Rice; axone; salt; water; chillies; pork';non vegetarian;5;15;spicy;main course;Nagaland;North East
Aloo gobi;'Cauliflower; potato; garam masala; turmeric; curry leaves';vegetarian;10;20;spicy;main course;Punjab;North
Aloo tikki;'Rice flour; potato; bread crumbs; garam masala; salt';vegetarian;5;20;spicy;main course;Punjab;North
Aloo matar;'Potato; peas; chillies; ginger; garam masala; garlic';vegetarian;5;40;spicy;main course;Punjab;North
Aloo methi;'Potato; fenugreek leaves; chillies; salt; oil';vegetarian;10;40;bitter;main course;Punjab;North
Aloo shimla mirch;'Potato; shimla mirch; garam masala; amchur powder; salt';vegetarian;10;40;spicy;main course;Punjab;North
Bhatura;'Chole; rava; yogurt; plain flour; baking soda';vegetarian;20;20;spicy;main course;Punjab;North
Bhindi masala;'Ladies finger; garam masala; kasuri methi; tomatoes; chili powder';vegetarian;20;30;spicy;main course;Punjab;North
Biryani;'Chicken thighs; basmati rice; star anise; sweet; green chillies';non vegetarian;30;120;spicy;main course;Telangana;South
Butter chicken;'Chicken; greek yogurt; cream; garam masala powder; cashew nuts; butter';non vegetarian;10;35;spicy;main course;NCT of Delhi;North
Chana masala;'Chickpeas; tomato paste; garam masala; ginger; red onion; avocado oil';vegetarian;20;30;spicy;main course;Punjab;North
Chapati;'Whole wheat flour; olive oil; hot water; all purpose flour';vegetarian;10;10;-1;main course;Maharashtra;West
Chicken razala;'Chicken; dahi; sesame seeds; garam masala powder; cashew nuts; saffron';non vegetarian;10;35;spicy;main course;West Bengal;East
Chicken Tikka masala;'Naan bread; tomato sauce; skinless chicken breasts; heavy cream; garam masala';non vegetarian;10;50;spicy;main course;Punjab;North
Chicken Tikka;'Chicken; whole wheat bread; rice flour; garam masala powder; whole egg';non vegetarian;120;45;spicy;starter;Punjab;North
Chole bhature;'Chole; bhatura; garam masala; bay leaf; cinnamon stick';vegetarian;20;30;spicy;main course;Punjab;North
Daal baati churma;'Moong dal; masoor dal; chana dal; wheat flour; almond';vegetarian;10;90;spicy;main course;Rajasthan;West
Daal puri;'Moong dal; garam masala powder; garlic; green chilli; all purpose flour';vegetarian;30;30;spicy;main course;West Bengal;East
Dal makhani ;'Red kidney beans; urad dal; cream; garam masala; chili powder';vegetarian;10;60;sweet;main course;Punjab;North
Dal tadka;'Pigeon peas; garam masala; ginger; red onion; kasuri methi';vegetarian;10;30;spicy;main course;Punjab;North
Dum aloo;'Baby potatoes; garam masala; cashew nuts; kasuri methi; tomatoes';vegetarian;20;50;spicy;main course;Jammu & Kashmir;North
Poha;'Beaten rice flakes; potato; curry leaves; green chilies; lemon juice';vegetarian;20;30;spicy;snack;Maharashtra;West
Fara;'Chana dal; whole wheat flour; arhar dal; white urad dal; garam masala powder';vegetarian;10;60;spicy;snack;Chhattisgarh;Central
Kachori;'Moong dal; rava; garam masala; dough; fennel seeds';vegetarian;30;60;spicy;snack;Uttar Pradesh;North
Kadai paneer;'Cottage cheese; bell peppers; gravy; garam masala; cashew nuts';vegetarian;20;30;spicy;main course;Punjab;North
Kadhi pakoda;'Besan; garam masala powder; gram flour; ginger; curry leaves';vegetarian;10;60;spicy;main course;Haryana;North
Karela bharta;'Bitter gourd; fennel; garam masala powder; chili powder; amchur powder';vegetarian;20;50;bitter;main course;Punjab;North
Khichdi;'Moong dal; green peas; ginger; tomato; green chili';vegetarian;40;20;spicy;main course;-1;-1
Kofta;'Paneer; potato; cream; corn flour; garam masala';vegetarian;20;40;spicy;main course;Uttar Pradesh;North
Kulfi falooda;'Rose syrup; falooda sev; mixed nuts; saffron; sugar';vegetarian;45;25;sweet;dessert;-1;-1
Lauki ke kofte;'Bottle gourd; garam masala powder; gram flour; ginger; chillies';vegetarian;20;40;spicy;main course;Uttar Pradesh;North
Lauki ki subji;'Bottle gourd; coconut oil; garam masala; ginger; green chillies';vegetarian;10;20;spicy;main course;-1;-1
Litti chokha;'Wheat flour; roasted gram flour; tomato; nigella seeds; chilli';vegetarian;45;60;spicy;main course;Bihar;North
Makki di roti sarson da saag;'Palak; makki atta; mustard green; garam masala; ginger';vegetarian;25;30;spicy;main course;Punjab;North
Misi roti;'Whole wheat flour; chickpea flour; green chilies';vegetarian;30;30;spicy;main course;Punjab;North
Mushroom do pyaza;'Mushroom; malai; garam masala; ginger; capsicum';vegetarian;10;30;spicy;main course;Punjab;North
Mushroom matar;'Canned coconut milk; frozen green peas; wild mushrooms; garam masala; tomatoes';vegetarian;10;30;spicy;main course;Punjab;North
Naan;'Whole wheat flour; honey; butter; garlic';vegetarian;60;30;-1;main course;Punjab;North
Navrattan korma;'Green beans; potatoes; khus khus; low fat; garam masala powder';vegetarian;25;40;spicy;main course;Uttar Pradesh;North
Palak paneer;'Cottage cheese; palak; cream; garam masala; butter';vegetarian;20;40;spicy;main course;Punjab;North
Paneer butter masala;'Paneer; whipping cream; garam masala; cashew nuts; butter';vegetarian;20;40;spicy;main course;Punjab;North
Paneer tikka masala;'Paneer; greek yogurt; tandoori masala; cream; bell pepper';vegetarian;20;40;spicy;main course;Punjab;North
Pani puri;'Kala chana; mashed potato; boondi; sev; lemon';vegetarian;15;2;spicy;snack;-1;-1
Panjeeri;'Whole wheat flour; musk melon seeds; poppy seeds; edible gum; semolina';vegetarian;10;25;sweet;dessert;Uttar Pradesh;
Papad;'Urad dal; sev; lemon juice; chopped tomatoes';vegetarian;5;5;spicy;snack;-1;-1
Paratha;'Wheat flour; butter; potato; coriander';vegetarian;15;45;spicy;main course;Punjab;North
Pattor;'Arbi ke patte; sesame seeds; gur; bengal gram flour; imli';vegetarian;10;30;spicy;main course;Rajasthan;West
Pindi chana;'Fennel; tea bags; tomato; kasuri methi; cinnamon';vegetarian;500;120;spicy;main course;Punjab;North
Rajma chaval;'Red kidney beans; garam masala powder; ginger; tomato; mustard oil';vegetarian;15;90;spicy;main course;-1;North
Rongi;'Garam masala powder; tomato; kasuri methi; cinnamon; mustard oil';vegetarian;10;30;-1;main course;Punjab;North
Samosa;'Potatoes; green peas; garam masala; ginger; dough';vegetarian;30;30;spicy;snack;-1;-1
Sattu ki roti;'Sattu; atta; dough; filling; mustard oil';vegetarian;10;20;spicy;main course;Bihar;North
Shahi paneer;'Cottage cheese; malai; garam masala; ginger; tomato';vegetarian;20;40;spicy;main course;Punjab;North
Shahi tukra;'Rose water; milk; white bread slices; saffron; almonds';vegetarian;10;30;sweet;dessert;Telangana;South
Vegetable jalfrezi;'Baby corn; french beans; garam masala; ginger; carrot';vegetarian;10;30;spicy;main course;Punjab;North
Tandoori Chicken;'Greek yogurt; garam masala; kasuri methi; marinade; mustard oil';non vegetarian;240;30;spicy;main course;Punjab;North
Tandoori Fish Tikka;'Chickpea flour; biryani masala powder; yogurt; fish fillets; green bell pepper';non vegetarian;240;30;spicy;starter;Punjab;North
Attu;'Whole wheat flour; arhar dal; ginger; kala jeera; green chilli';vegetarian;150;25;spicy;snack;Andhra Pradesh;South
Avial;'Raw banana; elephant foot yam; long beans; tindora; urad dal';vegetarian;30;45;spicy;main course;Kerala;South
Bisi bele bath;'Split pigeon peas; chana dal; urad dal; green peas; french beans';vegetarian;30;45;spicy;main course;Karnataka;South
Currivepillai sadam ;'Chana dal; urad dal; fresh coconut; sesame seeds; curry leaves';vegetarian;10;20;spicy;main course;Tamil Nadu;South
Dosa;'Chana dal; urad dal; whole urad dal; blend rice; rock salt';vegetarian;360;90;spicy;snack;-1;South
Idiappam;'Rice flour; hot water; grated coconut';vegetarian;120;30;spicy;snack;Tamil Nadu;South
Idli;'Split urad dal; urad dal; idli rice; thick poha; rock salt';vegetarian;360;90;spicy;snack;-1;South
Kanji;'Carrot; yellow mustard; red chilli; black salt';vegetarian;10;45;-1;snack;Kerala;South
Kaara kozhambu;'Sesame oil; drumstick; tamarind paste; sambar powder; tomato';vegetarian;-1;-1;spicy;main course;Tamil Nadu;South
Keerai kootu;'Moong dal; chana dal; spinach; urad dal; coconut oil';vegetarian;20;30;spicy;main course;Tamil Nadu;South
Keerai masiyal;'Urad dal; curry leaves; sugar; mustard seeds; spinach';vegetarian;-1;-1;spicy;main course;Tamil Nadu;South
Keerai sadam;'Greens; tomato; mustard seeds; fenugreek seeds';vegetarian;10;20;spicy;main course;Tamil Nadu;South
Keerai poriyal;'Amaranth leaves; split urad dal; mustard seeds; grated coconut; red chili';vegetarian;20;30;spicy;main course;Tamil Nadu;South
Beef Fry;'Beef; coconut; garam masala; curry leaves; green chilies; chili powder';non vegetarian;10;60;spicy;main course;Kerala;South
Kootu;'Chana dal; urad dal; potato; beans; peas';vegetarian;10;15;spicy;main course;Tamil Nadu;South
Kos kootu;'Moong dal; chana dal; cabbage; tamarind; curry leaves';vegetarian;10;20;spicy;main course;Tamil Nadu;South
Koshambri;'Moong dal; cucumber; curry leaves; green chili; lemon juice';vegetarian;10;20;spicy;main course;Karnataka;South
Kothamali sadam;'Chana dal; urad dal; gooseberry; raw rice; curry leaves';vegetarian;10;20;spicy;main course;Tamil Nadu;South
Kuzhakkattai;'Sesame oil; raw rice; jaggery; grated coconut';vegetarian;10;90;spicy;main course;Tamil Nadu;South
Kuzhambu;'Pearl onions; urad dal; drumsticks; tomato; curry leaves';vegetarian;5;30;spicy;main course;Tamil Nadu;South
Masala Dosa;'Chana dal; urad dal; potatoes; idli rice; thick poha';vegetarian;360;90;spicy;snack;-1;South
Pachadi;'Coconut oil; cucumber; curd; curry leaves; mustard seeds';vegetarian;10;25;-1;main course;-1;South
Paniyaram;'Yogurt; ginger; curry leaves; baking soda; green chilli';vegetarian;10;20;-1;main course;Tamil Nadu;South
Papadum;'Lentils; black pepper; vegetable oil';vegetarian;5;5;spicy;snack;Kerala;South
Paravannam;'Raw rice;  jaggery; milk';vegetarian;-1;-1;spicy;main course;Kerala;South
Payasam;'Rice; cashew nuts; milk; raisins; sugar';vegetarian;15;30;sweet;dessert;-1;South
Paruppu sadam;'Arhar dal; sambar powder; tomato; curry leaves; fennel seeds';vegetarian;10;20;-1;main course;Tamil Nadu;South
Pesarattu;'Green moong beans; rice flour';vegetarian;120;20;spicy;snack;Andhra Pradesh;South
Poriyal;'Chana dal; urad dal; beans; coconut; mustard';vegetarian;-1;-1;spicy;main course;Tamil Nadu;South
Puli sadam;'Urad dal; lemon; tamarind; cooked rice; curry leaves';vegetarian;10;20;-1;main course;Tamil Nadu;South
Rasam;'Tomato; curry leaves; garlic; mustard seeds; hot water';vegetarian;10;35;spicy;main course;-1;South
Puttu;'Brown rice flour; sugar; grated coconut';vegetarian;495;40;-1;main course;Kerala;South
Sambar;'Pigeon peas; eggplant; drumsticks; sambar powder; tamarind';vegetarian;20;45;spicy;main course;-1;South
Sandige;'Thin rice flakes; black sesame seeds; curry leaves';vegetarian;120;60;-1;main course;Karnataka;South
Sevai;'Sevai; parboiled rice; steamer';vegetarian;120;30;-1;main course;-1;South
Thayir sadam;'Urad dal; curd; sesame oil; ginger; curry leaves; mustard seeds';vegetarian;10;20;-1;main course;Tamil Nadu;South
Theeyal;'Coconut; whole red beans; masala; sesame oil; tamarind';vegetarian;15;20;-1;main course;Kerala;South
Uttapam;'Chana dal; urad dal; thick poha; tomato; butter';vegetarian;10;20;spicy;snack;-1;South
Vada;'Urad dal; ginger; curry leaves; green chilies; black pepper';vegetarian;15;20;spicy;snack;-1;South
Chicken Varuval;'Meat curry powder; chicken chunks; ginger; tomato; cinnamon';non vegetarian;10;35;spicy;main course;Tamil Nadu;South
Upma;'Chana dal; urad dal; ginger; curry leaves; sugar';vegetarian;10;20;spicy;snack;-1;-1
Amti;'Kala masala; arhar dal; curry leaves; mustard seeds; hot water';vegetarian;10;45;spicy;main course;Maharashtra;West
Zunka;'Gram flour; mustard; garlic; turmeric; red chilli';vegetarian;10;25;spicy;main course;Maharashtra;West
Kolim Jawla;'Baingan; fish; coconut oil; fresh coconut; ginger';non vegetarian;-1;-1;spicy;main course;Maharashtra;West
Saath;'Urad dal; potatoes; wheat flour; sooji';vegetarian;20;40;spicy;main course;Gujarat;West
Bajri no rotlo;'Wheat flour; pearl millet flour; hot water';vegetarian;10;10;spicy;main course;Gujarat;West
Coconut vadi;'Condensed milk; mawa; desiccated coconut; almonds; cashews';vegetarian;20;30;sweet;dessert;Maharashtra;West
Bhakri;'Jowar flour; sesame seeds';vegetarian;20;25;-1;main course;Maharashtra;West
Bombil fry;'Bombay duck; malvani masala; rice flour; bombay rava; green chilies';non vegetarian;-1;-1;spicy;main course;Maharashtra;West
Chakali;'Rice flour; sesame; plain flour; turmeric; red chilli';vegetarian;10;40;spicy;snack;Maharashtra;West
Chevdo;'Citric acid; fry; raisins; sugar; chana daal';vegetarian;20;30;spicy;snack;Gujarat;West
Chorafali;'Urad dal; bengal gram flour; dried mango; baking soda; black salt';vegetarian;5;15;spicy;snack;Gujarat;West
Copra paak;'Condensed milk; nestle cream; coconut ice; red food coloring; desiccated coconut';vegetarian;20;30;-1;main course;Gujarat;West
Daal Dhokli;'Whole wheat flour; dal; kokum; gur; bengal gram flour';vegetarian;20;30;spicy;main course;Gujarat;West
Kutchi dabeli;'Pav; aloo; peanut; pomegranate; star anise';vegetarian;30;10;spicy;snack;Gujarat;West
Dahi vada;'Urad dal; bhuna chana; garam masala; dates; tamarind';vegetarian;30;30;-1;snack;Maharashtra;West
Dalithoy;'Arhar dal; coconut oil; curry leaves; mustard seeds; red chilli';vegetarian;5;20;-1;main course;Maharashtra;West
Dhokla;'Rava; coconut; gram flour; mustard; sesame';vegetarian;10;20;spicy;snack;Gujarat;West
Dudhi halwa;'Bottle gourd; green; raisins; sugar; clarified butter';vegetarian;15;30;sweet;dessert;Gujarat;West
Gatta curry;'Yogurt; besan; sauce; garam masala powder; gram flour';vegetarian;10;20;spicy;main course;Rajasthan;West
Gud papdi;'Wheat flour; jaggery; clarified butter; sliced almonds';vegetarian;10;20;sweet;dessert;Gujarat;West
Ghooghra;'Dry fruits; semolina; all purpose flour';vegetarian;-1;-1;spicy;snack;Gujarat;West
Handwo;'Bottle gourd; chana dal; cabbage; urad dal; toor dal';vegetarian;20;30;spicy;snack;Gujarat;West
Halvasan;'Whole wheat rava; chia seed; lemon; edible gum; litre milk';vegetarian;-1;-1;sweet;dessert;Gujarat;West
Jeera Aloo;'Green chilies; lemon juice; chili powder; boiled potatoes';vegetarian;10;30;spicy;main course;Gujarat;West
Kansar;'Wheat flour; cashews; rapeseed oil';vegetarian;10;40;-1;main course;Gujarat;West
Keri no ras;'Mango; sugar';vegetarian;10;10;sour;main course;Gujarat;West
Khakhra;'Whole wheat flour; low fat; bengal gram flour';vegetarian;20;40;spicy;snack;Gujarat;West
Khandvi;'Green chili paste; white sesame seeds; gram flour; curry leaves; green chili';vegetarian;20;45;spicy;snack;Gujarat;West
Kombdi vade;'Rice flour; urad dal; wheat flour; gram flour; turmeric';vegetarian;10;25;spicy;snack;Maharashtra;West
Laapsi;'Cinnamon; jaggery; clarified butter; dry roasted';vegetarian;10;40;spicy;main course;Madhya Pradesh;Central
Koshimbir;'Cucumber; carrot; tomatoes; cilantro';vegetarian;10;10;spicy;main course;Maharashtra;West
Methi na Gota;'Rava; gram flour; lemon juice; turmeric; fenugreek leaves';vegetarian;15;30;bitter;main course;Gujarat;West
Mohanthal;'Rose water; pistachio; badam; bengal gram flour; saffron';vegetarian;5;45;sweet;dessert;Gujarat;West
Muthiya;'Bottle gourd; whole wheat flour; rava; sesame seeds; bengal gram flour';vegetarian;15;30;bitter;snack;Gujarat;West
Patra;'Arbi ke patte; sesame seeds; gur; bengal gram flour; imli';vegetarian;10;40;spicy;snack;Gujarat;West
Pav Bhaji;'Pav bhaji masala; gobi; potatoes; green peas; dinner rolls';vegetarian;20;40;spicy;main course;Maharashtra;West
Puri Bhaji;'Aloo; urad dal; mustard; ginger; curry leaves';vegetarian;10;30;spicy;main course;Maharashtra;West
Sabudana Khichadi;'Raw peanuts; sabudana; lemon; avocado oil; curry leaves; green chili';vegetarian;70;30;spicy;snack;Maharashtra;West
Sev khamani;'Khaman; pomegranate; sev; powdered sugar; garlic';vegetarian;20;30;spicy;main course;Gujarat;West
Sev tameta;'Sev; ginger; tomato; sugar';vegetarian;20;30;spicy;main course;Gujarat;West
Namakpara;'Wheat flour; baking soda; all purpose flour; black pepper; sunflower oil';vegetarian;10;35;spicy;snack;Gujarat;West
Sukhdi;'Whole wheat flour; gur; clarified butter';vegetarian;10;20;sweet;dessert;Maharashtra;West
Surnoli;'Rice flakes; yogurt; raw rice; jaggery; grated coconut';vegetarian;60;10;spicy;snack;Maharashtra;West
Thalipeeth;'Whole wheat flour; rice flour; pearl millet flour; sorghum flour; sesame seeds';vegetarian;25;30;spicy;main course;Maharashtra;West
Undhiyu;'Sweet potato; surti papdi; baby potatoes; valor papdi; green peas';vegetarian;25;60;spicy;main course;Gujarat;West
Veg Kolhapuri;'Gobi; potato; beans; khus khus; coconut';vegetarian;20;30;spicy;main course;Maharashtra;West
Vindaloo;'Chicken; coconut oil; wine vinegar; ginger; green; cinnamon';non vegetarian;10;40;spicy;main course;Goa;West
Lilva Kachori;'Green garlic chutney; fresh green peas; ginger; lemon juice; plain flour';vegetarian;30;6;spicy;snack;Gujarat;West
Mag Dhokli;'Moong beans; jaggery; red chillies; oil; salt';vegetarian;-1;-1;spicy;snack;Gujarat;West
Khichu;'Rice flour; sesame seeds; baking soda; peanut oil';vegetarian;5;10;spicy;snack;Gujarat;West
Thepla;'Chickpea flour; methi leaves; jowar flour; wheat flour';vegetarian;15;30;spicy;snack;Gujarat;West
Farsi Puri;'Semolina; clarified butter; oil; white flour; black pepper';vegetarian;-1;-1;-1;snack;Gujarat;West
Khaman;'Yogurt; fresh coconut; sesame seeds; semolina; gram flour';vegetarian;10;20;spicy;snack;Gujarat;West
Turiya Patra Vatana sabji;'Ridge gourd; baking soda; sugar; grated coconut; peas';vegetarian;35;40;spicy;main course;Gujarat;West
Churma Ladoo;'Whole wheat flour; khus khus; sesame seeds; dry coconut; gur';vegetarian;12;40;sweet;dessert;Rajasthan;West
Cheera Doi;'Rice; mango; curd';vegetarian;-1;-1;sweet;dessert;West Bengal;East
Gheela Pitha;'Sticky rice; rice flour; jaggery; orange rind';vegetarian;10;30;sweet;dessert;Assam;North East
Khar;'Raw papaya; panch phoran masala; nigella seeds; mustard oil; fennel seeds';vegetarian;10;20;-1;main course;Assam;North East
Kumol Sawul;'Rice; eggs; carrot; beetroot';non vegetarian;-1;-1;spicy;main course;Assam;North East
Luchi;'Maida; vegetable oil';vegetarian;20;30;-1;main course;West Bengal;East
Alu Pitika;'Potatoes; mustard oil; fish; green chillies';non vegetarian;5;20;spicy;main course;Assam;North East
Masor tenga;'Ridge gourd; fish; lemon; tomatoes; mustard oil';non vegetarian;15;25;spicy;main course;Assam;North East
Bengena Pitika;'Brinjal; onions; salt; sesame seeds; coriander';vegetarian;-1;-1;-1;main course;Assam;North East
Bilahi Maas;'Potatoes; garam masala; tomatoes; mustard oil; bay leaf';non vegetarian;10;20;-1;main course;Assam;North East
Black rice;'Forbidden black rice; chicken; olive oil; slivered almonds; garlic powder';non vegetarian;-1;-1;-1;main course;Manipur;North East
Bora Sawul;'Biryani masala; mixed vegetables; yellow moong daal; whole red; mustard seeds';vegetarian;-1;-1;spicy;main course;Assam;North East
Brown Rice;'Brown rice; soy sauce; olive oil';vegetarian;15;25;-1;main course;-1;-1
Chingri malai curry;'Coconut milk; lobster; fresh green chilli; ginger; red onion';non vegetarian;10;40;spicy;main course;West Bengal;East
Goja;'Baking soda; clarified butter; oil; all purpose flour';vegetarian;20;60;sweet;dessert;West Bengal;East
Hando Guri;'Jaggery; raisins';vegetarian;-1;-1;sweet;dessert;Assam;North East
Haq Maas;'Lamb; garam masala powder; curd; turmeric; bay leaf';non vegetarian;20;40;spicy;main course;Assam;North East
Chingri Bhape;'Coconut; prawns; curd; mustard seed; green chili';non vegetarian;15;30;-1;main course;West Bengal;East
Kabiraji;'Fish fillet; besan; lemon; mint; ginger';non vegetarian;-1;-1;spicy;main course;West Bengal;East
Khorisa;'Fermented bamboo shoot; potato; ginger; green; mustard oil';vegetarian;-1;-1;spicy;main course;Assam;North East
Koldil Chicken;'Banana flower; chicken; green chili; mustard oil; lemon juice';non vegetarian;-1;-1;spicy;main course;Assam;North East
Konir Dom;'Aloo; tomatoes; mustard oil; bay leaf; cinnamon stick';non vegetarian;-1;-1;spicy;main course;Assam;North East
Koldil Duck;'Rice flour; mutton; banana; gram flour; olive oil; baking powder';non vegetarian;-1;-1;spicy;main course;Assam;North East
Masor Koni;'Fish roe; pumpkin flowers; mustard oil; turmeric; tomato';non vegetarian;-1;-1;spicy;main course;Assam;North East
Mishti Chholar Dal;'Chana dal; fresh coconut; ginger; cinnamon; raisins';vegetarian;10;30;sweet;main course;West Bengal;East
Pakhala;'Curd; cooked rice; curry leaves; dry chilli';vegetarian;-1;-1;-1;main course;Odisha;East
Pani Pitha;'Tea leaves; white sesame seeds; dry coconut; soaked rice';vegetarian;10;20;-1;main course;Assam;North East
Payokh;'Basmati rice; rose water; sugar; clarified butter; cardamom pods';vegetarian;-1;-1;sweet;dessert;Assam;North East
Prawn malai curry;'Coconut milk; prawns; garlic; turmeric; sugar';non vegetarian;15;50;spicy;main course;West Bengal;East
Red Rice;'Red pepper; red onion; butter; watercress; olive oil';vegetarian;-1;-1;-1;main course;-1;-1
Shukto;'Green beans; bitter gourd; ridge gourd; banana; brinjal';vegetarian;10;20;spicy;main course;West Bengal;East
Til Pitha;'Glutinous rice; black sesame seeds; gur';vegetarian;5;30;sweet;dessert;Assam;North East
Bebinca;'Coconut milk; egg yolks; clarified butter; all purpose flour';vegetarian;20;60;sweet;dessert;Goa;West
Shufta;'Cottage cheese; dry dates; dried rose petals; pistachio; badam';vegetarian;-1;-1;sweet;dessert;Jammu & Kashmir;North
Mawa Bati;'Milk powder; dry fruits; arrowroot powder; all purpose flour';vegetarian;20;45;sweet;dessert;Madhya Pradesh;Central
Pinaca;'Brown rice; fennel seeds; grated coconut; black pepper; ginger powder';vegetarian;-1;-1;sweet;dessert;Goa;West