e8f66d85-b0c5-485e-a49f-f37d22e1848c;af4f5766-b412-4401-b999-3eb3ac2ada5b
e8f66d85-b0c5-485e-a49f-f37d22e1848c;34cbc159-52aa-4666-9287-793291e305cb
42d9718b-1492-4986-abc4-4be04841ff76;cad27bbf-505a-48e5-aea4-0e87402e5e3d
492f7b03-bf1e-4352-bc45-bc564eec739b;4524926e-df95-43c1-98f1-0df144553a1d
492f7b03-bf1e-4352-bc45-bc564eec739b;df6a7f4f-4dab-4d36-8405-b529e7819e47
492f7b03-bf1e-4352-bc45-bc564eec739b;786ca6f5-f388-486c-aa02-a796b126b744
e9609913-c6ad-4924-975b-ddb1d6f11ef9;cad27bbf-505a-48e5-aea4-0e87402e5e3d
e9609913-c6ad-4924-975b-ddb1d6f11ef9;34cbc159-52aa-4666-9287-793291e305cb
54655db8-4270-49f8-984c-eaae0dba0bcb;cad27bbf-505a-48e5-aea4-0e87402e5e3d
54655db8-4270-49f8-984c-eaae0dba0bcb;fe884f43-6a69-43f0-b837-4b473b9a2b64
54655db8-4270-49f8-984c-eaae0dba0bcb;34cbc159-52aa-4666-9287-793291e305cb
f55fa709-40f9-4674-a7d4-066a6441b43b;af4f5766-b412-4401-b999-3eb3ac2ada5b
f55fa709-40f9-4674-a7d4-066a6441b43b;301e3a4d-6f04-4c84-b9bf-6fd66ed27915
f55fa709-40f9-4674-a7d4-066a6441b43b;fe884f43-6a69-43f0-b837-4b473b9a2b64
