072330dd-ea69-4506-acef-15c2bb180c98;false;510;FREE
85981e15-d312-4a18-a961-470ae34f7d24;false;402;FREE
e6cc2e6c-4715-4257-8731-049d32d525e3;false;219;FREE
f16ca2d5-3c11-4963-a25f-91be97726a08;false;112;FREE
4eab9169-2060-4fe4-bcea-f31161f5e5f3;false;217;FREE
2e9d5d2f-7067-496d-93db-1b1495417bc5;false;502;FREE
931158b0-47e3-45d7-8d99-2e527b3b59b9;false;206;FREE
d6eeaa78-72ec-4151-9a99-a366a8c0cfc9;false;320;FREE
081f780b-0459-4525-83fe-32ae765809d8;false;419;FREE
71017eb0-bd84-4d25-8b8b-4965f9465790;false;101;FREE
fd8d81c2-a572-4c37-baba-e180c8ebe3d5;false;224;FREE
d6fa0045-590b-4047-9c08-eb17512157dd;false;519;FREE
5e1dc6e7-f7f3-4d0c-a58f-676afbab28ff;false;103;FREE
4d1ee0a4-928d-43c0-80d4-217b0d30f0b9;false;306;FREE
ab019241-8410-4a49-ba89-fa40f7c49b95;false;523;FREE
8778afe9-95e3-4e78-8d4a-b8f65462160e;false;120;FREE
7bdd3995-9758-4593-859a-a3bb69c59bae;false;504;FREE
224328e4-ce85-4cf3-8720-99d7527420e4;false;221;FREE
1b4930a0-ab2a-44c1-8688-3d547901205d;false;214;FREE
21425ee4-8128-4bb6-bd6e-81ae42775fc9;false;411;FREE
488428e0-2372-4852-83a3-5c9e84ea7ff2;false;505;FREE
f1a79bef-0cf5-49ec-a213-9adb5741d070;false;516;FREE
1ca1aaf2-a1e6-42f9-bb3f-4e9e2c6103d3;false;314;FREE
8234c516-4616-4aa3-b69e-fc9bf3029639;false;514;FREE
e6157dd0-2cc8-478c-8be0-4b50c09991bf;false;524;FREE
9e61e932-4adf-4b79-89af-f205729f5233;false;503;FREE
19c65770-a5c4-4947-9263-e90ffe0c1270;false;107;FREE
4ca4b0f5-0341-47f8-b5a6-0bf51c97a053;false;422;FREE
c328dae1-428e-45cb-b8a9-3ff0132981b4;false;209;FREE
2b9a0255-4b15-4694-8b07-a84befdc5a21;false;108;FREE
20139fab-fe02-4d11-99b9-4533c48cc7eb;false;208;FREE
b18cd969-4a01-46b7-b0c6-ca86d7eae956;false;301;FREE
f6b4a348-5e86-4314-8b81-63ec048e8cc5;false;403;FREE
0db9f426-a147-4ed1-9ef2-c460261a899b;false;513;FREE
af20a14b-307d-4f9d-a76b-48e8a0769a73;false;319;FREE
9dee7d65-7ec8-41f5-9f86-f8fbe4d2b4fc;false;222;FREE
db8a0aec-84b4-4ada-8779-0bcd3bc0ca69;false;415;FREE
74ad8a01-0f9e-4720-87a5-42a367117304;false;421;FREE
aea9447c-bf74-4df3-a4e0-ebc83d357c57;false;407;FREE
baf2ede4-694a-4e32-8143-f1c108647c86;false;515;FREE
eaeb6ab6-9a2f-4b9e-aa95-9eadf31ac890;false;517;FREE
bcb735e5-07f7-4293-91fb-c1c114816f87;false;406;FREE
2d5ac9c2-0540-48b5-81af-efb52ca0ef70;false;414;FREE
8de7923a-c731-4411-83ab-808893074e6a;false;220;FREE
fa5bfdd9-9464-4bb7-bc26-6290c59d3116;false;310;FREE
bd176d3c-5da1-4cc3-af67-3074480fb0d2;false;520;FREE
e5978ef4-de24-4dfa-9a35-39693e5a17a7;false;116;FREE
2dd63bee-fecd-46ae-a50b-6a2517aef8ab;false;317;FREE
54ae7fc1-d124-48b6-94b0-a1b6ef5ea36c;false;417;FREE
a4186d8e-581e-40a7-b639-89a8c1189de5;false;601;FREE
02dd1f89-52f4-4023-9045-a83cad73ef02;false;115;FREE
54d37e97-38ba-42b8-b6c8-1a407d3ad120;false;312;FREE
55d7c1ab-f175-47f2-89c9-160b00359368;false;121;FREE
bef0da2b-94b9-4c8b-8134-de561357dff0;false;512;FREE
d09f88ac-193f-47fb-b408-49f5279bdd38;false;113;FREE
391fb300-1914-4bc2-bb5f-71441d742134;false;322;FREE
635c93db-93d5-45bb-8339-44c32f844f96;false;324;FREE
6dd967c0-a23f-4052-be3f-1e9bb37a268e;false;401;FREE
9b70e589-e639-4658-b953-0a24ec3fbba8;false;304;FREE
3309a4ee-d670-46de-a106-8b22561b12d0;false;413;FREE
a8c5fc2b-cc80-480e-a06b-efb74266dee6;false;801;FREE
f4b77299-f7ed-47f9-b554-b4359ea33bf9;false;518;FREE
6ffd941a-2a2e-4f7e-a89f-13d6c2ed04ad;false;109;FREE
593d797c-a208-4ac4-bc26-f4338fdb113f;false;522;FREE
2a0b24f6-f858-4c4d-898d-e18c18acb3ec;false;122;FREE
25b429a5-d1a6-474a-92c2-9b2eb2c21e67;false;212;FREE
3ca0182b-a57e-45fa-ad2a-eefae1f3d46e;false;203;FREE
8b9ebc75-2151-42cc-a3b3-9d035d73fbd8;false;507;FREE
1bc4341c-b194-4a75-80ea-b0fe9e04614c;false;408;FREE
72c2da51-e7aa-4ee8-9172-20ace2c57029;false;521;FREE
2af50910-5097-4f6f-9039-5f8dd3b5b9af;false;207;FREE
89ad81ad-6cf2-4bf3-9020-b6c9e3b2649c;false;216;FREE
992c0678-18f1-4fe7-ada5-e590b078910f;false;114;FREE
fc58c603-375a-4795-81ea-8ea0ddda22f9;false;321;FREE
a93dfc30-1057-4242-9d0f-b3def59b71b1;false;308;FREE
739a16fc-8f85-45c4-9680-8adba47524c1;false;418;FREE
e3fd427f-d081-4c1e-be41-d543bc6cf23c;false;213;FREE
52307348-5504-4bfa-a0fe-501a1f5a47c1;false;307;FREE
6d45e1f4-15c1-4bda-898d-7a3982ba3ead;false;423;FREE
9b78b4ab-1478-45b7-a6e0-cafbad7412be;false;501;FREE
14f57d23-c00b-4a56-8297-5e2dc12a2283;false;701;FREE
26dc8263-3406-4e6a-a96c-90bd3687440c;false;311;FREE
9e2f83f8-d277-47f4-a787-77e49cb551e5;false;215;FREE
f29908cc-266b-49d7-b51f-0cc0f02efa0a;false;424;FREE
4658ee6e-aa8c-4077-bc5b-bb496ba063de;false;106;FREE
667ec0b9-59f5-49f2-9875-f1d2f205b236;false;509;FREE
566fee87-4e91-4ed9-b1a1-b30e83ed03cf;false;117;FREE
11a3bc19-1c0a-4d9d-a338-ac9bd79bcf49;false;123;FREE
87c11025-bff2-42b2-b83e-639def554055;false;204;FREE
8f40c0f5-3e4c-4503-a0c8-a7c4136c9406;false;405;FREE
d658621e-0ec2-4412-a2d7-05f8cbf73f2b;false;110;FREE
de169db1-5163-4b85-9af2-b9689bd8ca36;false;404;FREE
5b958d59-2591-43ac-8f0c-e3ba2e1afae4;false;316;FREE
2381aa2a-3353-486a-978d-03ecefa36b73;false;409;FREE
dc10ad2b-9682-48dc-969b-3beecc4ebba7;false;511;FREE
dfeac2e9-3845-4399-875f-d02ab0867d05;false;205;FREE
5725845f-9f34-4b19-b4a2-2f6b3f52be5c;false;305;FREE
3b0bfd7f-61d7-4d5b-804a-46c6d1c4ea18;false;410;FREE
842a3eca-b68e-4f8b-bdcc-d4184df9657e;false;111;FREE
652574cd-98ee-43f3-8851-1ab074b9dedc;false;313;FREE
2ec5c4ba-a3ca-4bec-9101-1a3c80408801;false;315;FREE
41f43025-4d1e-4c8d-a88b-c328a17911b2;false;105;FREE
52526c4e-4593-48d0-8c8a-487e03fa2cd0;false;223;FREE
fc581c96-7333-441a-be9a-a3e153eeb114;false;119;FREE
601550a7-d50a-4903-8216-9fe43d82f9ce;false;118;FREE
60666379-0c1d-49c4-900f-6fc75ce3d64e;false;218;FREE
2bae5e31-5eb7-47e8-b649-d78d052fe74c;false;102;FREE
0c5b48bb-8ddd-46e5-a145-d1382e8a07a2;false;201;FREE
3de78f13-d9c1-482f-ae76-1fd8586266cb;false;303;FREE
37180fac-2b8d-4a40-b3ae-8796a899d174;false;124;FREE
40e72716-a81d-4453-aadf-5d98741a5fae;false;318;FREE
87205db7-03b1-4e68-8f6f-7a97f98a5d14;false;302;FREE
ba7761d2-1750-495c-ae52-6331261f58c0;false;506;FREE
309281fd-2570-47ec-8128-c1c92bed9eee;false;202;FREE
4d97c216-b45d-450b-aa48-41116fca4297;false;420;FREE
c5e817ee-7f51-4676-9f60-9d6653754d03;false;309;FREE
6017387c-6c29-471d-a02c-6e46cc9b5ddb;false;416;FREE
307b02f6-3b74-479e-8bd8-ce2e2dd83040;false;210;FREE
cfd9de15-ac05-456f-b4fa-f5e8ccc13091;false;508;FREE
e5b3ca48-b384-45e4-bc80-e199180c3388;false;211;FREE
16da7af4-15b2-478f-aa61-05f91537b883;false;104;FREE
24cd6740-3c68-4081-91a1-56049802431d;false;323;FREE
cb0d75c8-20c2-4927-8358-08f615659a40;false;412;FREE
