072330dd-ea69-4506-acef-15c2bb180c98;019f9205-3035-4d0d-9830-e6e3d078072b
072330dd-ea69-4506-acef-15c2bb180c98;4edda886-27d1-46e2-89b5-5458924ddcc3
072330dd-ea69-4506-acef-15c2bb180c98;114a1564-fc37-400f-a298-9a5acc21ff52
85981e15-d312-4a18-a961-470ae34f7d24;4edda886-27d1-46e2-89b5-5458924ddcc3
85981e15-d312-4a18-a961-470ae34f7d24;9d6c9190-4236-463d-ba70-569f2c806be7
85981e15-d312-4a18-a961-470ae34f7d24;114a1564-fc37-400f-a298-9a5acc21ff52
85981e15-d312-4a18-a961-470ae34f7d24;019f9205-3035-4d0d-9830-e6e3d078072b
e6cc2e6c-4715-4257-8731-049d32d525e3;9d6c9190-4236-463d-ba70-569f2c806be7
e6cc2e6c-4715-4257-8731-049d32d525e3;019f9205-3035-4d0d-9830-e6e3d078072b
e6cc2e6c-4715-4257-8731-049d32d525e3;4edda886-27d1-46e2-89b5-5458924ddcc3
e6cc2e6c-4715-4257-8731-049d32d525e3;6fd8d4d8-aa51-4198-945d-adb8fe926991
f16ca2d5-3c11-4963-a25f-91be97726a08;6fd8d4d8-aa51-4198-945d-adb8fe926991
f16ca2d5-3c11-4963-a25f-91be97726a08;019f9205-3035-4d0d-9830-e6e3d078072b
f16ca2d5-3c11-4963-a25f-91be97726a08;9d6c9190-4236-463d-ba70-569f2c806be7
4eab9169-2060-4fe4-bcea-f31161f5e5f3;114a1564-fc37-400f-a298-9a5acc21ff52
4eab9169-2060-4fe4-bcea-f31161f5e5f3;6fd8d4d8-aa51-4198-945d-adb8fe926991
4eab9169-2060-4fe4-bcea-f31161f5e5f3;4edda886-27d1-46e2-89b5-5458924ddcc3
4eab9169-2060-4fe4-bcea-f31161f5e5f3;9d6c9190-4236-463d-ba70-569f2c806be7
2e9d5d2f-7067-496d-93db-1b1495417bc5;019f9205-3035-4d0d-9830-e6e3d078072b
2e9d5d2f-7067-496d-93db-1b1495417bc5;6fd8d4d8-aa51-4198-945d-adb8fe926991
931158b0-47e3-45d7-8d99-2e527b3b59b9;6fd8d4d8-aa51-4198-945d-adb8fe926991
d6eeaa78-72ec-4151-9a99-a366a8c0cfc9;4edda886-27d1-46e2-89b5-5458924ddcc3
d6eeaa78-72ec-4151-9a99-a366a8c0cfc9;9d6c9190-4236-463d-ba70-569f2c806be7
d6eeaa78-72ec-4151-9a99-a366a8c0cfc9;114a1564-fc37-400f-a298-9a5acc21ff52
081f780b-0459-4525-83fe-32ae765809d8;9d6c9190-4236-463d-ba70-569f2c806be7
081f780b-0459-4525-83fe-32ae765809d8;019f9205-3035-4d0d-9830-e6e3d078072b
71017eb0-bd84-4d25-8b8b-4965f9465790;6fd8d4d8-aa51-4198-945d-adb8fe926991
fd8d81c2-a572-4c37-baba-e180c8ebe3d5;4edda886-27d1-46e2-89b5-5458924ddcc3
fd8d81c2-a572-4c37-baba-e180c8ebe3d5;019f9205-3035-4d0d-9830-e6e3d078072b
d6fa0045-590b-4047-9c08-eb17512157dd;9d6c9190-4236-463d-ba70-569f2c806be7
d6fa0045-590b-4047-9c08-eb17512157dd;6fd8d4d8-aa51-4198-945d-adb8fe926991
5e1dc6e7-f7f3-4d0c-a58f-676afbab28ff;114a1564-fc37-400f-a298-9a5acc21ff52
5e1dc6e7-f7f3-4d0c-a58f-676afbab28ff;4edda886-27d1-46e2-89b5-5458924ddcc3
5e1dc6e7-f7f3-4d0c-a58f-676afbab28ff;9d6c9190-4236-463d-ba70-569f2c806be7
5e1dc6e7-f7f3-4d0c-a58f-676afbab28ff;6fd8d4d8-aa51-4198-945d-adb8fe926991
5e1dc6e7-f7f3-4d0c-a58f-676afbab28ff;019f9205-3035-4d0d-9830-e6e3d078072b
4d1ee0a4-928d-43c0-80d4-217b0d30f0b9;019f9205-3035-4d0d-9830-e6e3d078072b
4d1ee0a4-928d-43c0-80d4-217b0d30f0b9;4edda886-27d1-46e2-89b5-5458924ddcc3
4d1ee0a4-928d-43c0-80d4-217b0d30f0b9;114a1564-fc37-400f-a298-9a5acc21ff52
4d1ee0a4-928d-43c0-80d4-217b0d30f0b9;6fd8d4d8-aa51-4198-945d-adb8fe926991
4d1ee0a4-928d-43c0-80d4-217b0d30f0b9;9d6c9190-4236-463d-ba70-569f2c806be7
ab019241-8410-4a49-ba89-fa40f7c49b95;9d6c9190-4236-463d-ba70-569f2c806be7
ab019241-8410-4a49-ba89-fa40f7c49b95;114a1564-fc37-400f-a298-9a5acc21ff52
ab019241-8410-4a49-ba89-fa40f7c49b95;019f9205-3035-4d0d-9830-e6e3d078072b
8778afe9-95e3-4e78-8d4a-b8f65462160e;114a1564-fc37-400f-a298-9a5acc21ff52
8778afe9-95e3-4e78-8d4a-b8f65462160e;019f9205-3035-4d0d-9830-e6e3d078072b
8778afe9-95e3-4e78-8d4a-b8f65462160e;6fd8d4d8-aa51-4198-945d-adb8fe926991
8778afe9-95e3-4e78-8d4a-b8f65462160e;9d6c9190-4236-463d-ba70-569f2c806be7
8778afe9-95e3-4e78-8d4a-b8f65462160e;4edda886-27d1-46e2-89b5-5458924ddcc3
7bdd3995-9758-4593-859a-a3bb69c59bae;4edda886-27d1-46e2-89b5-5458924ddcc3
7bdd3995-9758-4593-859a-a3bb69c59bae;9d6c9190-4236-463d-ba70-569f2c806be7
7bdd3995-9758-4593-859a-a3bb69c59bae;114a1564-fc37-400f-a298-9a5acc21ff52
224328e4-ce85-4cf3-8720-99d7527420e4;6fd8d4d8-aa51-4198-945d-adb8fe926991
1b4930a0-ab2a-44c1-8688-3d547901205d;114a1564-fc37-400f-a298-9a5acc21ff52
1b4930a0-ab2a-44c1-8688-3d547901205d;9d6c9190-4236-463d-ba70-569f2c806be7
1b4930a0-ab2a-44c1-8688-3d547901205d;6fd8d4d8-aa51-4198-945d-adb8fe926991
1b4930a0-ab2a-44c1-8688-3d547901205d;4edda886-27d1-46e2-89b5-5458924ddcc3
21425ee4-8128-4bb6-bd6e-81ae42775fc9;4edda886-27d1-46e2-89b5-5458924ddcc3
21425ee4-8128-4bb6-bd6e-81ae42775fc9;019f9205-3035-4d0d-9830-e6e3d078072b
21425ee4-8128-4bb6-bd6e-81ae42775fc9;114a1564-fc37-400f-a298-9a5acc21ff52
21425ee4-8128-4bb6-bd6e-81ae42775fc9;6fd8d4d8-aa51-4198-945d-adb8fe926991
488428e0-2372-4852-83a3-5c9e84ea7ff2;9d6c9190-4236-463d-ba70-569f2c806be7
f1a79bef-0cf5-49ec-a213-9adb5741d070;4edda886-27d1-46e2-89b5-5458924ddcc3
1ca1aaf2-a1e6-42f9-bb3f-4e9e2c6103d3;4edda886-27d1-46e2-89b5-5458924ddcc3
1ca1aaf2-a1e6-42f9-bb3f-4e9e2c6103d3;019f9205-3035-4d0d-9830-e6e3d078072b
8234c516-4616-4aa3-b69e-fc9bf3029639;4edda886-27d1-46e2-89b5-5458924ddcc3
8234c516-4616-4aa3-b69e-fc9bf3029639;6fd8d4d8-aa51-4198-945d-adb8fe926991
8234c516-4616-4aa3-b69e-fc9bf3029639;9d6c9190-4236-463d-ba70-569f2c806be7
8234c516-4616-4aa3-b69e-fc9bf3029639;114a1564-fc37-400f-a298-9a5acc21ff52
8234c516-4616-4aa3-b69e-fc9bf3029639;019f9205-3035-4d0d-9830-e6e3d078072b
e6157dd0-2cc8-478c-8be0-4b50c09991bf;4edda886-27d1-46e2-89b5-5458924ddcc3
e6157dd0-2cc8-478c-8be0-4b50c09991bf;114a1564-fc37-400f-a298-9a5acc21ff52
e6157dd0-2cc8-478c-8be0-4b50c09991bf;6fd8d4d8-aa51-4198-945d-adb8fe926991
e6157dd0-2cc8-478c-8be0-4b50c09991bf;019f9205-3035-4d0d-9830-e6e3d078072b
9e61e932-4adf-4b79-89af-f205729f5233;4edda886-27d1-46e2-89b5-5458924ddcc3
9e61e932-4adf-4b79-89af-f205729f5233;019f9205-3035-4d0d-9830-e6e3d078072b
19c65770-a5c4-4947-9263-e90ffe0c1270;114a1564-fc37-400f-a298-9a5acc21ff52
19c65770-a5c4-4947-9263-e90ffe0c1270;9d6c9190-4236-463d-ba70-569f2c806be7
19c65770-a5c4-4947-9263-e90ffe0c1270;6fd8d4d8-aa51-4198-945d-adb8fe926991
4ca4b0f5-0341-47f8-b5a6-0bf51c97a053;114a1564-fc37-400f-a298-9a5acc21ff52
4ca4b0f5-0341-47f8-b5a6-0bf51c97a053;9d6c9190-4236-463d-ba70-569f2c806be7
4ca4b0f5-0341-47f8-b5a6-0bf51c97a053;019f9205-3035-4d0d-9830-e6e3d078072b
4ca4b0f5-0341-47f8-b5a6-0bf51c97a053;6fd8d4d8-aa51-4198-945d-adb8fe926991
c328dae1-428e-45cb-b8a9-3ff0132981b4;114a1564-fc37-400f-a298-9a5acc21ff52
c328dae1-428e-45cb-b8a9-3ff0132981b4;4edda886-27d1-46e2-89b5-5458924ddcc3
c328dae1-428e-45cb-b8a9-3ff0132981b4;019f9205-3035-4d0d-9830-e6e3d078072b
c328dae1-428e-45cb-b8a9-3ff0132981b4;9d6c9190-4236-463d-ba70-569f2c806be7
2b9a0255-4b15-4694-8b07-a84befdc5a21;9d6c9190-4236-463d-ba70-569f2c806be7
2b9a0255-4b15-4694-8b07-a84befdc5a21;114a1564-fc37-400f-a298-9a5acc21ff52
2b9a0255-4b15-4694-8b07-a84befdc5a21;019f9205-3035-4d0d-9830-e6e3d078072b
20139fab-fe02-4d11-99b9-4533c48cc7eb;019f9205-3035-4d0d-9830-e6e3d078072b
20139fab-fe02-4d11-99b9-4533c48cc7eb;4edda886-27d1-46e2-89b5-5458924ddcc3
20139fab-fe02-4d11-99b9-4533c48cc7eb;6fd8d4d8-aa51-4198-945d-adb8fe926991
20139fab-fe02-4d11-99b9-4533c48cc7eb;114a1564-fc37-400f-a298-9a5acc21ff52
20139fab-fe02-4d11-99b9-4533c48cc7eb;9d6c9190-4236-463d-ba70-569f2c806be7
b18cd969-4a01-46b7-b0c6-ca86d7eae956;4edda886-27d1-46e2-89b5-5458924ddcc3
f6b4a348-5e86-4314-8b81-63ec048e8cc5;114a1564-fc37-400f-a298-9a5acc21ff52
f6b4a348-5e86-4314-8b81-63ec048e8cc5;9d6c9190-4236-463d-ba70-569f2c806be7
f6b4a348-5e86-4314-8b81-63ec048e8cc5;6fd8d4d8-aa51-4198-945d-adb8fe926991
f6b4a348-5e86-4314-8b81-63ec048e8cc5;4edda886-27d1-46e2-89b5-5458924ddcc3
f6b4a348-5e86-4314-8b81-63ec048e8cc5;019f9205-3035-4d0d-9830-e6e3d078072b
0db9f426-a147-4ed1-9ef2-c460261a899b;114a1564-fc37-400f-a298-9a5acc21ff52
0db9f426-a147-4ed1-9ef2-c460261a899b;9d6c9190-4236-463d-ba70-569f2c806be7
0db9f426-a147-4ed1-9ef2-c460261a899b;6fd8d4d8-aa51-4198-945d-adb8fe926991
0db9f426-a147-4ed1-9ef2-c460261a899b;4edda886-27d1-46e2-89b5-5458924ddcc3
af20a14b-307d-4f9d-a76b-48e8a0769a73;6fd8d4d8-aa51-4198-945d-adb8fe926991
af20a14b-307d-4f9d-a76b-48e8a0769a73;019f9205-3035-4d0d-9830-e6e3d078072b
af20a14b-307d-4f9d-a76b-48e8a0769a73;9d6c9190-4236-463d-ba70-569f2c806be7
af20a14b-307d-4f9d-a76b-48e8a0769a73;4edda886-27d1-46e2-89b5-5458924ddcc3
9dee7d65-7ec8-41f5-9f86-f8fbe4d2b4fc;4edda886-27d1-46e2-89b5-5458924ddcc3
9dee7d65-7ec8-41f5-9f86-f8fbe4d2b4fc;6fd8d4d8-aa51-4198-945d-adb8fe926991
9dee7d65-7ec8-41f5-9f86-f8fbe4d2b4fc;019f9205-3035-4d0d-9830-e6e3d078072b
9dee7d65-7ec8-41f5-9f86-f8fbe4d2b4fc;9d6c9190-4236-463d-ba70-569f2c806be7
db8a0aec-84b4-4ada-8779-0bcd3bc0ca69;6fd8d4d8-aa51-4198-945d-adb8fe926991
db8a0aec-84b4-4ada-8779-0bcd3bc0ca69;019f9205-3035-4d0d-9830-e6e3d078072b
db8a0aec-84b4-4ada-8779-0bcd3bc0ca69;9d6c9190-4236-463d-ba70-569f2c806be7
db8a0aec-84b4-4ada-8779-0bcd3bc0ca69;114a1564-fc37-400f-a298-9a5acc21ff52
74ad8a01-0f9e-4720-87a5-42a367117304;6fd8d4d8-aa51-4198-945d-adb8fe926991
74ad8a01-0f9e-4720-87a5-42a367117304;019f9205-3035-4d0d-9830-e6e3d078072b
74ad8a01-0f9e-4720-87a5-42a367117304;4edda886-27d1-46e2-89b5-5458924ddcc3
74ad8a01-0f9e-4720-87a5-42a367117304;9d6c9190-4236-463d-ba70-569f2c806be7
aea9447c-bf74-4df3-a4e0-ebc83d357c57;9d6c9190-4236-463d-ba70-569f2c806be7
aea9447c-bf74-4df3-a4e0-ebc83d357c57;4edda886-27d1-46e2-89b5-5458924ddcc3
aea9447c-bf74-4df3-a4e0-ebc83d357c57;114a1564-fc37-400f-a298-9a5acc21ff52
aea9447c-bf74-4df3-a4e0-ebc83d357c57;019f9205-3035-4d0d-9830-e6e3d078072b
aea9447c-bf74-4df3-a4e0-ebc83d357c57;6fd8d4d8-aa51-4198-945d-adb8fe926991
baf2ede4-694a-4e32-8143-f1c108647c86;9d6c9190-4236-463d-ba70-569f2c806be7
baf2ede4-694a-4e32-8143-f1c108647c86;6fd8d4d8-aa51-4198-945d-adb8fe926991
baf2ede4-694a-4e32-8143-f1c108647c86;019f9205-3035-4d0d-9830-e6e3d078072b
baf2ede4-694a-4e32-8143-f1c108647c86;114a1564-fc37-400f-a298-9a5acc21ff52
eaeb6ab6-9a2f-4b9e-aa95-9eadf31ac890;114a1564-fc37-400f-a298-9a5acc21ff52
eaeb6ab6-9a2f-4b9e-aa95-9eadf31ac890;4edda886-27d1-46e2-89b5-5458924ddcc3
bcb735e5-07f7-4293-91fb-c1c114816f87;019f9205-3035-4d0d-9830-e6e3d078072b
bcb735e5-07f7-4293-91fb-c1c114816f87;9d6c9190-4236-463d-ba70-569f2c806be7
bcb735e5-07f7-4293-91fb-c1c114816f87;4edda886-27d1-46e2-89b5-5458924ddcc3
bcb735e5-07f7-4293-91fb-c1c114816f87;6fd8d4d8-aa51-4198-945d-adb8fe926991
bcb735e5-07f7-4293-91fb-c1c114816f87;114a1564-fc37-400f-a298-9a5acc21ff52
2d5ac9c2-0540-48b5-81af-efb52ca0ef70;4edda886-27d1-46e2-89b5-5458924ddcc3
2d5ac9c2-0540-48b5-81af-efb52ca0ef70;6fd8d4d8-aa51-4198-945d-adb8fe926991
2d5ac9c2-0540-48b5-81af-efb52ca0ef70;9d6c9190-4236-463d-ba70-569f2c806be7
8de7923a-c731-4411-83ab-808893074e6a;9d6c9190-4236-463d-ba70-569f2c806be7
8de7923a-c731-4411-83ab-808893074e6a;4edda886-27d1-46e2-89b5-5458924ddcc3
fa5bfdd9-9464-4bb7-bc26-6290c59d3116;6fd8d4d8-aa51-4198-945d-adb8fe926991
fa5bfdd9-9464-4bb7-bc26-6290c59d3116;9d6c9190-4236-463d-ba70-569f2c806be7
fa5bfdd9-9464-4bb7-bc26-6290c59d3116;114a1564-fc37-400f-a298-9a5acc21ff52
fa5bfdd9-9464-4bb7-bc26-6290c59d3116;4edda886-27d1-46e2-89b5-5458924ddcc3
fa5bfdd9-9464-4bb7-bc26-6290c59d3116;019f9205-3035-4d0d-9830-e6e3d078072b
bd176d3c-5da1-4cc3-af67-3074480fb0d2;019f9205-3035-4d0d-9830-e6e3d078072b
bd176d3c-5da1-4cc3-af67-3074480fb0d2;114a1564-fc37-400f-a298-9a5acc21ff52
bd176d3c-5da1-4cc3-af67-3074480fb0d2;6fd8d4d8-aa51-4198-945d-adb8fe926991
e5978ef4-de24-4dfa-9a35-39693e5a17a7;6fd8d4d8-aa51-4198-945d-adb8fe926991
e5978ef4-de24-4dfa-9a35-39693e5a17a7;114a1564-fc37-400f-a298-9a5acc21ff52
2dd63bee-fecd-46ae-a50b-6a2517aef8ab;6fd8d4d8-aa51-4198-945d-adb8fe926991
2dd63bee-fecd-46ae-a50b-6a2517aef8ab;9d6c9190-4236-463d-ba70-569f2c806be7
2dd63bee-fecd-46ae-a50b-6a2517aef8ab;019f9205-3035-4d0d-9830-e6e3d078072b
54ae7fc1-d124-48b6-94b0-a1b6ef5ea36c;019f9205-3035-4d0d-9830-e6e3d078072b
a4186d8e-581e-40a7-b639-89a8c1189de5;9d6c9190-4236-463d-ba70-569f2c806be7
a4186d8e-581e-40a7-b639-89a8c1189de5;6fd8d4d8-aa51-4198-945d-adb8fe926991
a4186d8e-581e-40a7-b639-89a8c1189de5;4edda886-27d1-46e2-89b5-5458924ddcc3
a4186d8e-581e-40a7-b639-89a8c1189de5;019f9205-3035-4d0d-9830-e6e3d078072b
a4186d8e-581e-40a7-b639-89a8c1189de5;114a1564-fc37-400f-a298-9a5acc21ff52
a4186d8e-581e-40a7-b639-89a8c1189de5;6786d941-7c50-4e0b-8a94-a066e24c68b5
02dd1f89-52f4-4023-9045-a83cad73ef02;019f9205-3035-4d0d-9830-e6e3d078072b
02dd1f89-52f4-4023-9045-a83cad73ef02;6fd8d4d8-aa51-4198-945d-adb8fe926991
02dd1f89-52f4-4023-9045-a83cad73ef02;114a1564-fc37-400f-a298-9a5acc21ff52
54d37e97-38ba-42b8-b6c8-1a407d3ad120;6fd8d4d8-aa51-4198-945d-adb8fe926991
54d37e97-38ba-42b8-b6c8-1a407d3ad120;9d6c9190-4236-463d-ba70-569f2c806be7
54d37e97-38ba-42b8-b6c8-1a407d3ad120;114a1564-fc37-400f-a298-9a5acc21ff52
54d37e97-38ba-42b8-b6c8-1a407d3ad120;019f9205-3035-4d0d-9830-e6e3d078072b
55d7c1ab-f175-47f2-89c9-160b00359368;019f9205-3035-4d0d-9830-e6e3d078072b
55d7c1ab-f175-47f2-89c9-160b00359368;6fd8d4d8-aa51-4198-945d-adb8fe926991
55d7c1ab-f175-47f2-89c9-160b00359368;9d6c9190-4236-463d-ba70-569f2c806be7
bef0da2b-94b9-4c8b-8134-de561357dff0;019f9205-3035-4d0d-9830-e6e3d078072b
bef0da2b-94b9-4c8b-8134-de561357dff0;114a1564-fc37-400f-a298-9a5acc21ff52
bef0da2b-94b9-4c8b-8134-de561357dff0;4edda886-27d1-46e2-89b5-5458924ddcc3
bef0da2b-94b9-4c8b-8134-de561357dff0;6fd8d4d8-aa51-4198-945d-adb8fe926991
bef0da2b-94b9-4c8b-8134-de561357dff0;9d6c9190-4236-463d-ba70-569f2c806be7
d09f88ac-193f-47fb-b408-49f5279bdd38;6fd8d4d8-aa51-4198-945d-adb8fe926991
d09f88ac-193f-47fb-b408-49f5279bdd38;114a1564-fc37-400f-a298-9a5acc21ff52
d09f88ac-193f-47fb-b408-49f5279bdd38;4edda886-27d1-46e2-89b5-5458924ddcc3
391fb300-1914-4bc2-bb5f-71441d742134;6fd8d4d8-aa51-4198-945d-adb8fe926991
391fb300-1914-4bc2-bb5f-71441d742134;019f9205-3035-4d0d-9830-e6e3d078072b
635c93db-93d5-45bb-8339-44c32f844f96;114a1564-fc37-400f-a298-9a5acc21ff52
635c93db-93d5-45bb-8339-44c32f844f96;019f9205-3035-4d0d-9830-e6e3d078072b
635c93db-93d5-45bb-8339-44c32f844f96;6fd8d4d8-aa51-4198-945d-adb8fe926991
6dd967c0-a23f-4052-be3f-1e9bb37a268e;6fd8d4d8-aa51-4198-945d-adb8fe926991
6dd967c0-a23f-4052-be3f-1e9bb37a268e;114a1564-fc37-400f-a298-9a5acc21ff52
6dd967c0-a23f-4052-be3f-1e9bb37a268e;9d6c9190-4236-463d-ba70-569f2c806be7
6dd967c0-a23f-4052-be3f-1e9bb37a268e;4edda886-27d1-46e2-89b5-5458924ddcc3
6dd967c0-a23f-4052-be3f-1e9bb37a268e;019f9205-3035-4d0d-9830-e6e3d078072b
9b70e589-e639-4658-b953-0a24ec3fbba8;114a1564-fc37-400f-a298-9a5acc21ff52
9b70e589-e639-4658-b953-0a24ec3fbba8;4edda886-27d1-46e2-89b5-5458924ddcc3
9b70e589-e639-4658-b953-0a24ec3fbba8;9d6c9190-4236-463d-ba70-569f2c806be7
3309a4ee-d670-46de-a106-8b22561b12d0;9d6c9190-4236-463d-ba70-569f2c806be7
3309a4ee-d670-46de-a106-8b22561b12d0;019f9205-3035-4d0d-9830-e6e3d078072b
3309a4ee-d670-46de-a106-8b22561b12d0;114a1564-fc37-400f-a298-9a5acc21ff52
3309a4ee-d670-46de-a106-8b22561b12d0;4edda886-27d1-46e2-89b5-5458924ddcc3
a8c5fc2b-cc80-480e-a06b-efb74266dee6;9d6c9190-4236-463d-ba70-569f2c806be7
a8c5fc2b-cc80-480e-a06b-efb74266dee6;6fd8d4d8-aa51-4198-945d-adb8fe926991
a8c5fc2b-cc80-480e-a06b-efb74266dee6;4edda886-27d1-46e2-89b5-5458924ddcc3
a8c5fc2b-cc80-480e-a06b-efb74266dee6;019f9205-3035-4d0d-9830-e6e3d078072b
a8c5fc2b-cc80-480e-a06b-efb74266dee6;114a1564-fc37-400f-a298-9a5acc21ff52
a8c5fc2b-cc80-480e-a06b-efb74266dee6;6786d941-7c50-4e0b-8a94-a066e24c68b5
f4b77299-f7ed-47f9-b554-b4359ea33bf9;9d6c9190-4236-463d-ba70-569f2c806be7
f4b77299-f7ed-47f9-b554-b4359ea33bf9;6fd8d4d8-aa51-4198-945d-adb8fe926991
6ffd941a-2a2e-4f7e-a89f-13d6c2ed04ad;114a1564-fc37-400f-a298-9a5acc21ff52
6ffd941a-2a2e-4f7e-a89f-13d6c2ed04ad;4edda886-27d1-46e2-89b5-5458924ddcc3
593d797c-a208-4ac4-bc26-f4338fdb113f;9d6c9190-4236-463d-ba70-569f2c806be7
593d797c-a208-4ac4-bc26-f4338fdb113f;4edda886-27d1-46e2-89b5-5458924ddcc3
2a0b24f6-f858-4c4d-898d-e18c18acb3ec;019f9205-3035-4d0d-9830-e6e3d078072b
2a0b24f6-f858-4c4d-898d-e18c18acb3ec;4edda886-27d1-46e2-89b5-5458924ddcc3
25b429a5-d1a6-474a-92c2-9b2eb2c21e67;6fd8d4d8-aa51-4198-945d-adb8fe926991
25b429a5-d1a6-474a-92c2-9b2eb2c21e67;019f9205-3035-4d0d-9830-e6e3d078072b
25b429a5-d1a6-474a-92c2-9b2eb2c21e67;114a1564-fc37-400f-a298-9a5acc21ff52
3ca0182b-a57e-45fa-ad2a-eefae1f3d46e;114a1564-fc37-400f-a298-9a5acc21ff52
8b9ebc75-2151-42cc-a3b3-9d035d73fbd8;6fd8d4d8-aa51-4198-945d-adb8fe926991
8b9ebc75-2151-42cc-a3b3-9d035d73fbd8;114a1564-fc37-400f-a298-9a5acc21ff52
8b9ebc75-2151-42cc-a3b3-9d035d73fbd8;019f9205-3035-4d0d-9830-e6e3d078072b
1bc4341c-b194-4a75-80ea-b0fe9e04614c;019f9205-3035-4d0d-9830-e6e3d078072b
72c2da51-e7aa-4ee8-9172-20ace2c57029;114a1564-fc37-400f-a298-9a5acc21ff52
2af50910-5097-4f6f-9039-5f8dd3b5b9af;019f9205-3035-4d0d-9830-e6e3d078072b
2af50910-5097-4f6f-9039-5f8dd3b5b9af;9d6c9190-4236-463d-ba70-569f2c806be7
2af50910-5097-4f6f-9039-5f8dd3b5b9af;4edda886-27d1-46e2-89b5-5458924ddcc3
89ad81ad-6cf2-4bf3-9020-b6c9e3b2649c;019f9205-3035-4d0d-9830-e6e3d078072b
89ad81ad-6cf2-4bf3-9020-b6c9e3b2649c;114a1564-fc37-400f-a298-9a5acc21ff52
89ad81ad-6cf2-4bf3-9020-b6c9e3b2649c;9d6c9190-4236-463d-ba70-569f2c806be7
992c0678-18f1-4fe7-ada5-e590b078910f;4edda886-27d1-46e2-89b5-5458924ddcc3
992c0678-18f1-4fe7-ada5-e590b078910f;114a1564-fc37-400f-a298-9a5acc21ff52
992c0678-18f1-4fe7-ada5-e590b078910f;019f9205-3035-4d0d-9830-e6e3d078072b
992c0678-18f1-4fe7-ada5-e590b078910f;6fd8d4d8-aa51-4198-945d-adb8fe926991
fc58c603-375a-4795-81ea-8ea0ddda22f9;019f9205-3035-4d0d-9830-e6e3d078072b
fc58c603-375a-4795-81ea-8ea0ddda22f9;9d6c9190-4236-463d-ba70-569f2c806be7
fc58c603-375a-4795-81ea-8ea0ddda22f9;4edda886-27d1-46e2-89b5-5458924ddcc3
a93dfc30-1057-4242-9d0f-b3def59b71b1;019f9205-3035-4d0d-9830-e6e3d078072b
a93dfc30-1057-4242-9d0f-b3def59b71b1;9d6c9190-4236-463d-ba70-569f2c806be7
a93dfc30-1057-4242-9d0f-b3def59b71b1;6fd8d4d8-aa51-4198-945d-adb8fe926991
a93dfc30-1057-4242-9d0f-b3def59b71b1;114a1564-fc37-400f-a298-9a5acc21ff52
739a16fc-8f85-45c4-9680-8adba47524c1;019f9205-3035-4d0d-9830-e6e3d078072b
739a16fc-8f85-45c4-9680-8adba47524c1;4edda886-27d1-46e2-89b5-5458924ddcc3
e3fd427f-d081-4c1e-be41-d543bc6cf23c;114a1564-fc37-400f-a298-9a5acc21ff52
e3fd427f-d081-4c1e-be41-d543bc6cf23c;019f9205-3035-4d0d-9830-e6e3d078072b
e3fd427f-d081-4c1e-be41-d543bc6cf23c;6fd8d4d8-aa51-4198-945d-adb8fe926991
e3fd427f-d081-4c1e-be41-d543bc6cf23c;4edda886-27d1-46e2-89b5-5458924ddcc3
e3fd427f-d081-4c1e-be41-d543bc6cf23c;9d6c9190-4236-463d-ba70-569f2c806be7
52307348-5504-4bfa-a0fe-501a1f5a47c1;4edda886-27d1-46e2-89b5-5458924ddcc3
52307348-5504-4bfa-a0fe-501a1f5a47c1;6fd8d4d8-aa51-4198-945d-adb8fe926991
52307348-5504-4bfa-a0fe-501a1f5a47c1;019f9205-3035-4d0d-9830-e6e3d078072b
52307348-5504-4bfa-a0fe-501a1f5a47c1;114a1564-fc37-400f-a298-9a5acc21ff52
52307348-5504-4bfa-a0fe-501a1f5a47c1;9d6c9190-4236-463d-ba70-569f2c806be7
6d45e1f4-15c1-4bda-898d-7a3982ba3ead;114a1564-fc37-400f-a298-9a5acc21ff52
6d45e1f4-15c1-4bda-898d-7a3982ba3ead;6fd8d4d8-aa51-4198-945d-adb8fe926991
9b78b4ab-1478-45b7-a6e0-cafbad7412be;9d6c9190-4236-463d-ba70-569f2c806be7
9b78b4ab-1478-45b7-a6e0-cafbad7412be;6fd8d4d8-aa51-4198-945d-adb8fe926991
9b78b4ab-1478-45b7-a6e0-cafbad7412be;4edda886-27d1-46e2-89b5-5458924ddcc3
9b78b4ab-1478-45b7-a6e0-cafbad7412be;114a1564-fc37-400f-a298-9a5acc21ff52
9b78b4ab-1478-45b7-a6e0-cafbad7412be;019f9205-3035-4d0d-9830-e6e3d078072b
14f57d23-c00b-4a56-8297-5e2dc12a2283;9d6c9190-4236-463d-ba70-569f2c806be7
14f57d23-c00b-4a56-8297-5e2dc12a2283;6fd8d4d8-aa51-4198-945d-adb8fe926991
14f57d23-c00b-4a56-8297-5e2dc12a2283;4edda886-27d1-46e2-89b5-5458924ddcc3
14f57d23-c00b-4a56-8297-5e2dc12a2283;019f9205-3035-4d0d-9830-e6e3d078072b
14f57d23-c00b-4a56-8297-5e2dc12a2283;114a1564-fc37-400f-a298-9a5acc21ff52
14f57d23-c00b-4a56-8297-5e2dc12a2283;6786d941-7c50-4e0b-8a94-a066e24c68b5
26dc8263-3406-4e6a-a96c-90bd3687440c;114a1564-fc37-400f-a298-9a5acc21ff52
26dc8263-3406-4e6a-a96c-90bd3687440c;9d6c9190-4236-463d-ba70-569f2c806be7
26dc8263-3406-4e6a-a96c-90bd3687440c;4edda886-27d1-46e2-89b5-5458924ddcc3
26dc8263-3406-4e6a-a96c-90bd3687440c;6fd8d4d8-aa51-4198-945d-adb8fe926991
26dc8263-3406-4e6a-a96c-90bd3687440c;019f9205-3035-4d0d-9830-e6e3d078072b
9e2f83f8-d277-47f4-a787-77e49cb551e5;019f9205-3035-4d0d-9830-e6e3d078072b
9e2f83f8-d277-47f4-a787-77e49cb551e5;6fd8d4d8-aa51-4198-945d-adb8fe926991
f29908cc-266b-49d7-b51f-0cc0f02efa0a;114a1564-fc37-400f-a298-9a5acc21ff52
f29908cc-266b-49d7-b51f-0cc0f02efa0a;4edda886-27d1-46e2-89b5-5458924ddcc3
f29908cc-266b-49d7-b51f-0cc0f02efa0a;9d6c9190-4236-463d-ba70-569f2c806be7
f29908cc-266b-49d7-b51f-0cc0f02efa0a;6fd8d4d8-aa51-4198-945d-adb8fe926991
f29908cc-266b-49d7-b51f-0cc0f02efa0a;019f9205-3035-4d0d-9830-e6e3d078072b
4658ee6e-aa8c-4077-bc5b-bb496ba063de;6fd8d4d8-aa51-4198-945d-adb8fe926991
4658ee6e-aa8c-4077-bc5b-bb496ba063de;9d6c9190-4236-463d-ba70-569f2c806be7
4658ee6e-aa8c-4077-bc5b-bb496ba063de;019f9205-3035-4d0d-9830-e6e3d078072b
4658ee6e-aa8c-4077-bc5b-bb496ba063de;4edda886-27d1-46e2-89b5-5458924ddcc3
667ec0b9-59f5-49f2-9875-f1d2f205b236;6fd8d4d8-aa51-4198-945d-adb8fe926991
667ec0b9-59f5-49f2-9875-f1d2f205b236;114a1564-fc37-400f-a298-9a5acc21ff52
566fee87-4e91-4ed9-b1a1-b30e83ed03cf;9d6c9190-4236-463d-ba70-569f2c806be7
566fee87-4e91-4ed9-b1a1-b30e83ed03cf;6fd8d4d8-aa51-4198-945d-adb8fe926991
566fee87-4e91-4ed9-b1a1-b30e83ed03cf;019f9205-3035-4d0d-9830-e6e3d078072b
11a3bc19-1c0a-4d9d-a338-ac9bd79bcf49;114a1564-fc37-400f-a298-9a5acc21ff52
11a3bc19-1c0a-4d9d-a338-ac9bd79bcf49;6fd8d4d8-aa51-4198-945d-adb8fe926991
11a3bc19-1c0a-4d9d-a338-ac9bd79bcf49;4edda886-27d1-46e2-89b5-5458924ddcc3
87c11025-bff2-42b2-b83e-639def554055;114a1564-fc37-400f-a298-9a5acc21ff52
8f40c0f5-3e4c-4503-a0c8-a7c4136c9406;9d6c9190-4236-463d-ba70-569f2c806be7
8f40c0f5-3e4c-4503-a0c8-a7c4136c9406;114a1564-fc37-400f-a298-9a5acc21ff52
8f40c0f5-3e4c-4503-a0c8-a7c4136c9406;6fd8d4d8-aa51-4198-945d-adb8fe926991
8f40c0f5-3e4c-4503-a0c8-a7c4136c9406;019f9205-3035-4d0d-9830-e6e3d078072b
d658621e-0ec2-4412-a2d7-05f8cbf73f2b;9d6c9190-4236-463d-ba70-569f2c806be7
d658621e-0ec2-4412-a2d7-05f8cbf73f2b;6fd8d4d8-aa51-4198-945d-adb8fe926991
d658621e-0ec2-4412-a2d7-05f8cbf73f2b;4edda886-27d1-46e2-89b5-5458924ddcc3
d658621e-0ec2-4412-a2d7-05f8cbf73f2b;114a1564-fc37-400f-a298-9a5acc21ff52
d658621e-0ec2-4412-a2d7-05f8cbf73f2b;019f9205-3035-4d0d-9830-e6e3d078072b
de169db1-5163-4b85-9af2-b9689bd8ca36;019f9205-3035-4d0d-9830-e6e3d078072b
5b958d59-2591-43ac-8f0c-e3ba2e1afae4;114a1564-fc37-400f-a298-9a5acc21ff52
5b958d59-2591-43ac-8f0c-e3ba2e1afae4;6fd8d4d8-aa51-4198-945d-adb8fe926991
2381aa2a-3353-486a-978d-03ecefa36b73;9d6c9190-4236-463d-ba70-569f2c806be7
2381aa2a-3353-486a-978d-03ecefa36b73;114a1564-fc37-400f-a298-9a5acc21ff52
2381aa2a-3353-486a-978d-03ecefa36b73;6fd8d4d8-aa51-4198-945d-adb8fe926991
dc10ad2b-9682-48dc-969b-3beecc4ebba7;019f9205-3035-4d0d-9830-e6e3d078072b
dc10ad2b-9682-48dc-969b-3beecc4ebba7;4edda886-27d1-46e2-89b5-5458924ddcc3
dc10ad2b-9682-48dc-969b-3beecc4ebba7;6fd8d4d8-aa51-4198-945d-adb8fe926991
dfeac2e9-3845-4399-875f-d02ab0867d05;019f9205-3035-4d0d-9830-e6e3d078072b
dfeac2e9-3845-4399-875f-d02ab0867d05;9d6c9190-4236-463d-ba70-569f2c806be7
5725845f-9f34-4b19-b4a2-2f6b3f52be5c;019f9205-3035-4d0d-9830-e6e3d078072b
5725845f-9f34-4b19-b4a2-2f6b3f52be5c;9d6c9190-4236-463d-ba70-569f2c806be7
5725845f-9f34-4b19-b4a2-2f6b3f52be5c;6fd8d4d8-aa51-4198-945d-adb8fe926991
3b0bfd7f-61d7-4d5b-804a-46c6d1c4ea18;114a1564-fc37-400f-a298-9a5acc21ff52
3b0bfd7f-61d7-4d5b-804a-46c6d1c4ea18;6fd8d4d8-aa51-4198-945d-adb8fe926991
3b0bfd7f-61d7-4d5b-804a-46c6d1c4ea18;4edda886-27d1-46e2-89b5-5458924ddcc3
842a3eca-b68e-4f8b-bdcc-d4184df9657e;9d6c9190-4236-463d-ba70-569f2c806be7
842a3eca-b68e-4f8b-bdcc-d4184df9657e;114a1564-fc37-400f-a298-9a5acc21ff52
842a3eca-b68e-4f8b-bdcc-d4184df9657e;4edda886-27d1-46e2-89b5-5458924ddcc3
842a3eca-b68e-4f8b-bdcc-d4184df9657e;6fd8d4d8-aa51-4198-945d-adb8fe926991
842a3eca-b68e-4f8b-bdcc-d4184df9657e;019f9205-3035-4d0d-9830-e6e3d078072b
652574cd-98ee-43f3-8851-1ab074b9dedc;019f9205-3035-4d0d-9830-e6e3d078072b
652574cd-98ee-43f3-8851-1ab074b9dedc;4edda886-27d1-46e2-89b5-5458924ddcc3
2ec5c4ba-a3ca-4bec-9101-1a3c80408801;9d6c9190-4236-463d-ba70-569f2c806be7
2ec5c4ba-a3ca-4bec-9101-1a3c80408801;4edda886-27d1-46e2-89b5-5458924ddcc3
2ec5c4ba-a3ca-4bec-9101-1a3c80408801;114a1564-fc37-400f-a298-9a5acc21ff52
41f43025-4d1e-4c8d-a88b-c328a17911b2;019f9205-3035-4d0d-9830-e6e3d078072b
41f43025-4d1e-4c8d-a88b-c328a17911b2;9d6c9190-4236-463d-ba70-569f2c806be7
41f43025-4d1e-4c8d-a88b-c328a17911b2;4edda886-27d1-46e2-89b5-5458924ddcc3
41f43025-4d1e-4c8d-a88b-c328a17911b2;6fd8d4d8-aa51-4198-945d-adb8fe926991
52526c4e-4593-48d0-8c8a-487e03fa2cd0;9d6c9190-4236-463d-ba70-569f2c806be7
fc581c96-7333-441a-be9a-a3e153eeb114;6fd8d4d8-aa51-4198-945d-adb8fe926991
601550a7-d50a-4903-8216-9fe43d82f9ce;9d6c9190-4236-463d-ba70-569f2c806be7
601550a7-d50a-4903-8216-9fe43d82f9ce;4edda886-27d1-46e2-89b5-5458924ddcc3
60666379-0c1d-49c4-900f-6fc75ce3d64e;019f9205-3035-4d0d-9830-e6e3d078072b
60666379-0c1d-49c4-900f-6fc75ce3d64e;9d6c9190-4236-463d-ba70-569f2c806be7
60666379-0c1d-49c4-900f-6fc75ce3d64e;114a1564-fc37-400f-a298-9a5acc21ff52
60666379-0c1d-49c4-900f-6fc75ce3d64e;6fd8d4d8-aa51-4198-945d-adb8fe926991
2bae5e31-5eb7-47e8-b649-d78d052fe74c;4edda886-27d1-46e2-89b5-5458924ddcc3
2bae5e31-5eb7-47e8-b649-d78d052fe74c;9d6c9190-4236-463d-ba70-569f2c806be7
2bae5e31-5eb7-47e8-b649-d78d052fe74c;6fd8d4d8-aa51-4198-945d-adb8fe926991
0c5b48bb-8ddd-46e5-a145-d1382e8a07a2;019f9205-3035-4d0d-9830-e6e3d078072b
0c5b48bb-8ddd-46e5-a145-d1382e8a07a2;114a1564-fc37-400f-a298-9a5acc21ff52
0c5b48bb-8ddd-46e5-a145-d1382e8a07a2;4edda886-27d1-46e2-89b5-5458924ddcc3
0c5b48bb-8ddd-46e5-a145-d1382e8a07a2;9d6c9190-4236-463d-ba70-569f2c806be7
3de78f13-d9c1-482f-ae76-1fd8586266cb;4edda886-27d1-46e2-89b5-5458924ddcc3
3de78f13-d9c1-482f-ae76-1fd8586266cb;114a1564-fc37-400f-a298-9a5acc21ff52
3de78f13-d9c1-482f-ae76-1fd8586266cb;9d6c9190-4236-463d-ba70-569f2c806be7
3de78f13-d9c1-482f-ae76-1fd8586266cb;6fd8d4d8-aa51-4198-945d-adb8fe926991
3de78f13-d9c1-482f-ae76-1fd8586266cb;019f9205-3035-4d0d-9830-e6e3d078072b
37180fac-2b8d-4a40-b3ae-8796a899d174;019f9205-3035-4d0d-9830-e6e3d078072b
37180fac-2b8d-4a40-b3ae-8796a899d174;114a1564-fc37-400f-a298-9a5acc21ff52
37180fac-2b8d-4a40-b3ae-8796a899d174;9d6c9190-4236-463d-ba70-569f2c806be7
40e72716-a81d-4453-aadf-5d98741a5fae;114a1564-fc37-400f-a298-9a5acc21ff52
40e72716-a81d-4453-aadf-5d98741a5fae;4edda886-27d1-46e2-89b5-5458924ddcc3
87205db7-03b1-4e68-8f6f-7a97f98a5d14;9d6c9190-4236-463d-ba70-569f2c806be7
87205db7-03b1-4e68-8f6f-7a97f98a5d14;019f9205-3035-4d0d-9830-e6e3d078072b
87205db7-03b1-4e68-8f6f-7a97f98a5d14;6fd8d4d8-aa51-4198-945d-adb8fe926991
ba7761d2-1750-495c-ae52-6331261f58c0;6fd8d4d8-aa51-4198-945d-adb8fe926991
ba7761d2-1750-495c-ae52-6331261f58c0;9d6c9190-4236-463d-ba70-569f2c806be7
ba7761d2-1750-495c-ae52-6331261f58c0;4edda886-27d1-46e2-89b5-5458924ddcc3
309281fd-2570-47ec-8128-c1c92bed9eee;4edda886-27d1-46e2-89b5-5458924ddcc3
309281fd-2570-47ec-8128-c1c92bed9eee;6fd8d4d8-aa51-4198-945d-adb8fe926991
309281fd-2570-47ec-8128-c1c92bed9eee;9d6c9190-4236-463d-ba70-569f2c806be7
309281fd-2570-47ec-8128-c1c92bed9eee;019f9205-3035-4d0d-9830-e6e3d078072b
309281fd-2570-47ec-8128-c1c92bed9eee;114a1564-fc37-400f-a298-9a5acc21ff52
4d97c216-b45d-450b-aa48-41116fca4297;114a1564-fc37-400f-a298-9a5acc21ff52
4d97c216-b45d-450b-aa48-41116fca4297;019f9205-3035-4d0d-9830-e6e3d078072b
4d97c216-b45d-450b-aa48-41116fca4297;9d6c9190-4236-463d-ba70-569f2c806be7
4d97c216-b45d-450b-aa48-41116fca4297;6fd8d4d8-aa51-4198-945d-adb8fe926991
c5e817ee-7f51-4676-9f60-9d6653754d03;114a1564-fc37-400f-a298-9a5acc21ff52
c5e817ee-7f51-4676-9f60-9d6653754d03;019f9205-3035-4d0d-9830-e6e3d078072b
c5e817ee-7f51-4676-9f60-9d6653754d03;4edda886-27d1-46e2-89b5-5458924ddcc3
6017387c-6c29-471d-a02c-6e46cc9b5ddb;9d6c9190-4236-463d-ba70-569f2c806be7
6017387c-6c29-471d-a02c-6e46cc9b5ddb;4edda886-27d1-46e2-89b5-5458924ddcc3
307b02f6-3b74-479e-8bd8-ce2e2dd83040;114a1564-fc37-400f-a298-9a5acc21ff52
307b02f6-3b74-479e-8bd8-ce2e2dd83040;6fd8d4d8-aa51-4198-945d-adb8fe926991
307b02f6-3b74-479e-8bd8-ce2e2dd83040;9d6c9190-4236-463d-ba70-569f2c806be7
307b02f6-3b74-479e-8bd8-ce2e2dd83040;019f9205-3035-4d0d-9830-e6e3d078072b
cfd9de15-ac05-456f-b4fa-f5e8ccc13091;019f9205-3035-4d0d-9830-e6e3d078072b
cfd9de15-ac05-456f-b4fa-f5e8ccc13091;6fd8d4d8-aa51-4198-945d-adb8fe926991
e5b3ca48-b384-45e4-bc80-e199180c3388;019f9205-3035-4d0d-9830-e6e3d078072b
e5b3ca48-b384-45e4-bc80-e199180c3388;4edda886-27d1-46e2-89b5-5458924ddcc3
e5b3ca48-b384-45e4-bc80-e199180c3388;6fd8d4d8-aa51-4198-945d-adb8fe926991
e5b3ca48-b384-45e4-bc80-e199180c3388;114a1564-fc37-400f-a298-9a5acc21ff52
e5b3ca48-b384-45e4-bc80-e199180c3388;9d6c9190-4236-463d-ba70-569f2c806be7
16da7af4-15b2-478f-aa61-05f91537b883;9d6c9190-4236-463d-ba70-569f2c806be7
16da7af4-15b2-478f-aa61-05f91537b883;114a1564-fc37-400f-a298-9a5acc21ff52
24cd6740-3c68-4081-91a1-56049802431d;019f9205-3035-4d0d-9830-e6e3d078072b
24cd6740-3c68-4081-91a1-56049802431d;6fd8d4d8-aa51-4198-945d-adb8fe926991
24cd6740-3c68-4081-91a1-56049802431d;114a1564-fc37-400f-a298-9a5acc21ff52
24cd6740-3c68-4081-91a1-56049802431d;4edda886-27d1-46e2-89b5-5458924ddcc3
cb0d75c8-20c2-4927-8358-08f615659a40;9d6c9190-4236-463d-ba70-569f2c806be7
cb0d75c8-20c2-4927-8358-08f615659a40;6fd8d4d8-aa51-4198-945d-adb8fe926991
cb0d75c8-20c2-4927-8358-08f615659a40;019f9205-3035-4d0d-9830-e6e3d078072b
