<?xml version = '1.0' encoding = 'UTF-8'?>
<Relation class="oracle.dbtools.crest.model.design.logical.Relation" name="Relation_4" directorySegmentName="seg_0" id="145BE416-F50E-3EF4-8733-345F355678BD">
<createdBy>Mihajlo</createdBy>
<createdTime>2023-10-30 20:10:50 UTC</createdTime>
<ownerDesignName>Diagram</ownerDesignName>
<engineerTo>
<item key="9B279E23-5399-AFBF-FCDF-245ED91966E9" value="true"/>
</engineerTo>
<sourcePk>70975B9E-F2C9-EBEA-AEA9-48DFEBC13A42</sourcePk>
<identifying>false</identifying>
<optionalSource>true</optionalSource>
<optionalTarget>false</optionalTarget>
<sourceCardinality>1</sourceCardinality>
<sourceEntity>A9365C22-9535-0042-200E-0FFCE603893B</sourceEntity>
<targetCardinalityString>*</targetCardinalityString>
<targetEntity>FF324379-54CC-EA01-2AC1-E6B3CD408E11</targetEntity>
<transferable>true</transferable>
<deleteRule>NO ACTION</deleteRule>
</Relation>