<?xml version = '1.0' encoding = 'UTF-8'?>
<Relation class="oracle.dbtools.crest.model.design.logical.Relation" name="Relation_5" directorySegmentName="seg_0" id="3D95FCFC-4396-5505-6EC1-B8E13240211E">
<createdBy>Mihajlo</createdBy>
<createdTime>2023-10-30 20:11:15 UTC</createdTime>
<ownerDesignName>Diagram</ownerDesignName>
<engineerTo>
<item key="9B279E23-5399-AFBF-FCDF-245ED91966E9" value="true"/>
</engineerTo>
<sourcePk>DD0D0824-FBD0-357F-EF32-B430F6B811BD</sourcePk>
<identifying>false</identifying>
<optionalSource>true</optionalSource>
<optionalTarget>true</optionalTarget>
<sourceCardinality>1</sourceCardinality>
<sourceEntity>9DCA28E9-0D14-29E2-30CE-E53AED99A073</sourceEntity>
<targetCardinalityString>*</targetCardinalityString>
<targetEntity>FF324379-54CC-EA01-2AC1-E6B3CD408E11</targetEntity>
<transferable>true</transferable>
<deleteRule>NO ACTION</deleteRule>
</Relation>