<?xml version='1.0' encoding='UTF-8'?>

<bag xmlns:float="http://www.w3.org/2001/XMLSchema#float" xmlns:int="http://www.w3.org/2001/XMLSchema#int" xmlns:unsignedInt="http://www.w3.org/2001/XMLSchema#unsignedInt" xmlns:unsignedLong="http://www.w3.org/2001/XMLSchema#unsignedLong" int:version="8">
 <issues>
  <issue>
   <unsignedInt:flags>65</unsignedInt:flags>
   <id>issue_loop_misalignment</id>
   <int:severity>1</int:severity>
   <text>Align this loop using compiler options or pragmas</text>
   <title>Misaligned loop code present</title>
   <attributes>
    <float:severity>1</float:severity>
   </attributes>
   <parameters/>
   <recommendations>
    <recommendation>
     <int:confidence>1</int:confidence>
     <unsignedInt:flags>8</unsignedInt:flags>
     <id>rec_align_loop_c</id>
     <text>align_loop_text</text>
     <title>align_loop_title</title>
     <attributes>
      <float:confidence>1</float:confidence>
     </attributes>
     <parameters/>
    </recommendation>
   </recommendations>
   <unsignedLong:rowKey>8</unsignedLong:rowKey>
  </issue>
 </issues>
 <traits>
  <trait>
   <int:fieldId>0</int:fieldId>
   <int:id>13</int:id>
   <text>System Function Calls Present </text>
   <unsignedLong:rowKey>2</unsignedLong:rowKey>
  </trait>
  <trait>
   <int:fieldId>0</int:fieldId>
   <int:id>14</int:id>
   <text>Indirect Function Calls Present </text>
   <unsignedLong:rowKey>2</unsignedLong:rowKey>
  </trait>
  <trait>
   <int:fieldId>0</int:fieldId>
   <int:id>13</int:id>
   <text>System Function Calls Present </text>
   <unsignedLong:rowKey>3</unsignedLong:rowKey>
  </trait>
  <trait>
   <int:fieldId>0</int:fieldId>
   <int:id>13</int:id>
   <text>System Function Calls Present </text>
   <unsignedLong:rowKey>4</unsignedLong:rowKey>
  </trait>
  <trait>
   <int:fieldId>0</int:fieldId>
   <int:id>14</int:id>
   <text>Indirect Function Calls Present </text>
   <unsignedLong:rowKey>4</unsignedLong:rowKey>
  </trait>
  <trait>
   <int:fieldId>0</int:fieldId>
   <int:id>13</int:id>
   <text>System Function Calls Present </text>
   <unsignedLong:rowKey>9</unsignedLong:rowKey>
  </trait>
  <trait>
   <int:fieldId>0</int:fieldId>
   <int:id>14</int:id>
   <text>Indirect Function Calls Present </text>
   <unsignedLong:rowKey>9</unsignedLong:rowKey>
  </trait>
  <trait>
   <int:fieldId>142</int:fieldId>
   <int:id>4</int:id>
   <text>Low Trip Counts May Produce Ineffective Peeled/Remainder Loops After Vectorization - Consider Adding Data Padding or Identifying Expected Number of Iterations </text>
   <unsignedLong:rowKey>13</unsignedLong:rowKey>
  </trait>
  <trait>
   <int:fieldId>135</int:fieldId>
   <int:id>5</int:id>
   <text>Low Trip Counts May Produce Ineffective Peeled/Remainder Loops After Vectorization - Consider Adding Data Padding or Identifying Expected Number of Iterations </text>
   <unsignedLong:rowKey>13</unsignedLong:rowKey>
  </trait>
 </traits>
</bag>
