{
    "songs": [
        {
            "title":    "The Fashion Show",
            "artist":   "Stock music",
            "link":     "https://s3.envato.com/files/236972329/preview.mp3"
        },
        {
            "title":    "Health and Life",
            "artist":   "Stock music",
            "link":     "https://s3.envato.com/files/236971364/preview.mp3"
        }
    ],
    "videos": [
        {
            "title": 	"Milky Way Timelapse",
            "link": 	"https://www.videvo.net/videvo_files/converted/2014_07/videos/Saint_Barthelemy_2.mov44817.mp4"
        },
        {
            "title": 	"Guitar player",
            "link": 	"https://www.videvo.net/videvo_files/converted/2017_09/videos/170804_B_Lombok_015.mp453393.mp4"
        },
        {
            "title": 	"City Day To Night",
            "link": 	"https://www.videvo.net/videvo_files/converted/2014_07/videos/Run_5_wo_metadata_h264420_720p_UHQ.mp446798.mp4"
        }
    ]
}