<?xml version = '1.0' encoding = 'UTF-8'?>
<Entity class="oracle.dbtools.crest.model.design.logical.Entity" directorySegmentName="seg_0" id="88B9CBDC-422C-6782-D343-705BADED47A7" name="PROJEKCIJA">
<createdBy>Mihajlo</createdBy>
<createdTime>2023-10-30 19:53:10 UTC</createdTime>
<ownerDesignName>Diagram</ownerDesignName>
<engineerTo>
<item key="9B279E23-5399-AFBF-FCDF-245ED91966E9" value="true"/>
</engineerTo>
<adequatelyNormalized>NO</adequatelyNormalized>
<expectedVolumes>0</expectedVolumes>
<fwdEngineeringStrategyName>Single Table</fwdEngineeringStrategyName>
<growthPercent>0</growthPercent>
<growthType>Year</growthType>
<maxVolumes>9999999</maxVolumes>
<minVolumes>0</minVolumes>
<normalForm>Third</normalForm>
<attributes itemClass="oracle.dbtools.crest.model.design.logical.Attribute">
<Attribute name="id" id="D2D962CF-925E-F432-0855-6C9042B99750">
<createdBy>Mihajlo</createdBy>
<createdTime>2023-10-30 19:53:17 UTC</createdTime>
<ownerDesignName>Diagram</ownerDesignName>
<engineerTo>
<item key="9B279E23-5399-AFBF-FCDF-245ED91966E9" value="true"/>
</engineerTo>
<useDomainConstraints>false</useDomainConstraints>
<use>1</use>
<logicalDatatype>LOGDT024</logicalDatatype>
<ownDataTypeParameters>,,</ownDataTypeParameters>
</Attribute>
<Attribute name="sifraSale" id="256757D6-7D3D-D58A-4188-E4E08024C5B2">
<createdBy>Mihajlo</createdBy>
<createdTime>2023-10-30 19:53:44 UTC</createdTime>
<ownerDesignName>Diagram</ownerDesignName>
<engineerTo>
<item key="9B279E23-5399-AFBF-FCDF-245ED91966E9" value="true"/>
</engineerTo>
<useDomainConstraints>false</useDomainConstraints>
<use>1</use>
<logicalDatatype>LOGDT024</logicalDatatype>
<ownDataTypeParameters>,,</ownDataTypeParameters>
</Attribute>
<Attribute name="sifraFilma" id="74557707-799D-191E-E6C4-49D8DFBF0340">
<createdBy>Mihajlo</createdBy>
<createdTime>2023-10-30 19:55:34 UTC</createdTime>
<ownerDesignName>Diagram</ownerDesignName>
<engineerTo>
<item key="9B279E23-5399-AFBF-FCDF-245ED91966E9" value="true"/>
</engineerTo>
<useDomainConstraints>false</useDomainConstraints>
<use>1</use>
<logicalDatatype>LOGDT024</logicalDatatype>
<ownDataTypeParameters>,,</ownDataTypeParameters>
</Attribute>
<Attribute name="starting_time" id="3263F684-6E2D-CF16-0A04-7FBE920018FD">
<createdBy>Mihajlo</createdBy>
<createdTime>2023-10-30 19:53:56 UTC</createdTime>
<ownerDesignName>Diagram</ownerDesignName>
<engineerTo>
<item key="9B279E23-5399-AFBF-FCDF-245ED91966E9" value="true"/>
</engineerTo>
<useDomainConstraints>false</useDomainConstraints>
<use>1</use>
<logicalDatatype>LOGDT008</logicalDatatype>
<ownDataTypeParameters>,,</ownDataTypeParameters>
</Attribute>
<Attribute name="ending_time" id="0EB15BFB-26F1-80B5-2122-DD90FB6268A4">
<createdBy>Mihajlo</createdBy>
<createdTime>2023-10-30 19:54:16 UTC</createdTime>
<ownerDesignName>Diagram</ownerDesignName>
<engineerTo>
<item key="9B279E23-5399-AFBF-FCDF-245ED91966E9" value="true"/>
</engineerTo>
<useDomainConstraints>false</useDomainConstraints>
<use>1</use>
<logicalDatatype>LOGDT008</logicalDatatype>
<ownDataTypeParameters>,,</ownDataTypeParameters>
</Attribute>
<Attribute name="days" id="DCD2A314-194D-B936-0F52-39F7CB93608A">
<createdBy>Mihajlo</createdBy>
<createdTime>2023-10-30 19:54:38 UTC</createdTime>
<ownerDesignName>Diagram</ownerDesignName>
<engineerTo>
<item key="9B279E23-5399-AFBF-FCDF-245ED91966E9" value="true"/>
</engineerTo>
<useDomainConstraints>false</useDomainConstraints>
<use>1</use>
<logicalDatatype>LOGDT040</logicalDatatype>
<ownDataTypeParameters>,,</ownDataTypeParameters>
</Attribute>
<Attribute name="price" id="9C7E8182-A6FB-2F10-194A-6CFEB111621B">
<createdBy>Mihajlo</createdBy>
<createdTime>2023-10-30 19:56:58 UTC</createdTime>
<ownerDesignName>Diagram</ownerDesignName>
<engineerTo>
<item key="9B279E23-5399-AFBF-FCDF-245ED91966E9" value="true"/>
</engineerTo>
<useDomainConstraints>false</useDomainConstraints>
<use>1</use>
<logicalDatatype>LOGDT021</logicalDatatype>
<ownDataTypeParameters>,,</ownDataTypeParameters>
</Attribute>
<Attribute name="sifra1" id="4901642F-8D8C-9AC4-F9DA-5DFEBF7725FF">
<createdBy>Mihajlo</createdBy>
<createdTime>2023-10-30 20:09:25 UTC</createdTime>
<generatorID>FD104AED-F8A9-CD22-4DD6-23720429643C</generatorID>
<ownerDesignName>Diagram</ownerDesignName>
<engineerTo>
<item key="9B279E23-5399-AFBF-FCDF-245ED91966E9" value="true"/>
</engineerTo>
<referedAttribute>B5415C01-310D-60BA-E5A6-8F7FF35411A7</referedAttribute>
<useDomainConstraints>false</useDomainConstraints>
<use>1</use>
<logicalDatatype>LOGDT024</logicalDatatype>
<ownDataTypeParameters>,,</ownDataTypeParameters>
</Attribute>
<Attribute name="sifra2" id="862A47DE-B028-A138-34B4-59D6B10F33E3">
<createdBy>Mihajlo</createdBy>
<createdTime>2023-10-30 20:09:46 UTC</createdTime>
<generatorID>2B7A2F49-2B0A-B210-67B8-375731BFA812</generatorID>
<ownerDesignName>Diagram</ownerDesignName>
<engineerTo>
<item key="9B279E23-5399-AFBF-FCDF-245ED91966E9" value="true"/>
</engineerTo>
<referedAttribute>134B900F-8F93-D5DE-2AC1-AA7197AC4E60</referedAttribute>
<useDomainConstraints>false</useDomainConstraints>
<use>1</use>
<logicalDatatype>LOGDT024</logicalDatatype>
<ownDataTypeParameters>,,</ownDataTypeParameters>
</Attribute>
</attributes>
<identifiers itemClass="oracle.dbtools.crest.model.design.logical.CandidateKey">
<identifier id="05B476BD-1D8E-CBE0-5C98-A09CD609D112" name="PROJEKCIJA PK">
<createdBy>Mihajlo</createdBy>
<createdTime>2023-10-30 19:53:43 UTC</createdTime>
<ownerDesignName>Diagram</ownerDesignName>
<engineerTo>
<item key="9B279E23-5399-AFBF-FCDF-245ED91966E9" value="true"/>
</engineerTo>
<pk>true</pk>
<usedAttributes>
<attributeRef>D2D962CF-925E-F432-0855-6C9042B99750</attributeRef>
</usedAttributes>
</identifier>
</identifiers>
</Entity>