[ {
  "countryName" : "Argentina",
  "capitalName" : "Buenos Aires",
  "capitalLatitude" : "-34.583333333333336",
  "capitalLongitude" : "-58.666667",
  "countryCode" : "AR",
  "continentName" : "South America"
}, {
  "countryName" : "Bolivia",
  "capitalName" : "La Paz",
  "capitalLatitude" : "-16.5",
  "capitalLongitude" : "-68.150000",
  "countryCode" : "BO",
  "continentName" : "South America"
}, {
  "countryName" : "Brazil",
  "capitalName" : "Brasilia",
  "capitalLatitude" : "-15.783333333333333",
  "capitalLongitude" : "-47.916667",
  "countryCode" : "BR",
  "continentName" : "South America"
}, {
  "countryName" : "Chile",
  "capitalName" : "Santiago",
  "capitalLatitude" : "-33.45",
  "capitalLongitude" : "-70.666667",
  "countryCode" : "CL",
  "continentName" : "South America"
}, {
  "countryName" : "Colombia",
  "capitalName" : "Bogota",
  "capitalLatitude" : "4.6",
  "capitalLongitude" : "-74.083333",
  "countryCode" : "CO",
  "continentName" : "South America"
}, {
  "countryName" : "Ecuador",
  "capitalName" : "Quito",
  "capitalLatitude" : "-0.21666666666666667",
  "capitalLongitude" : "-78.500000",
  "countryCode" : "EC",
  "continentName" : "South America"
}, {
  "countryName" : "Falkland Islands",
  "capitalName" : "Stanley",
  "capitalLatitude" : "-51.7",
  "capitalLongitude" : "-57.850000",
  "countryCode" : "FK",
  "continentName" : "South America"
}, {
  "countryName" : "Guyana",
  "capitalName" : "Georgetown",
  "capitalLatitude" : "6.8",
  "capitalLongitude" : "-58.150000",
  "countryCode" : "GY",
  "continentName" : "South America"
}, {
  "countryName" : "Paraguay",
  "capitalName" : "Asuncion",
  "capitalLatitude" : "-25.266666666666666",
  "capitalLongitude" : "-57.666667",
  "countryCode" : "PY",
  "continentName" : "South America"
}, {
  "countryName" : "Peru",
  "capitalName" : "Lima",
  "capitalLatitude" : "-12.05",
  "capitalLongitude" : "-77.050000",
  "countryCode" : "PE",
  "continentName" : "South America"
}, {
  "countryName" : "Suriname",
  "capitalName" : "Paramaribo",
  "capitalLatitude" : "5.833333333333333",
  "capitalLongitude" : "-55.166667",
  "countryCode" : "SR",
  "continentName" : "South America"
}, {
  "countryName" : "Uruguay",
  "capitalName" : "Montevideo",
  "capitalLatitude" : "-34.85",
  "capitalLongitude" : "-56.166667",
  "countryCode" : "UY",
  "continentName" : "South America"
}, {
  "countryName" : "Venezuela",
  "capitalName" : "Caracas",
  "capitalLatitude" : "10.483333333333333",
  "capitalLongitude" : "-66.866667",
  "countryCode" : "VE",
  "continentName" : "South America"
} ]